Filename,Clase,Figado ROI Top-Left,Rim ROI Top-Left,HI,Coarseness,Contrast,Directionality,Roughness,Line-Likeness,Regularity,Homogeneity_d1,Entropy_d1,Homogeneity_d2,Entropy_d2,Homogeneity_d4,Entropy_d4,Homogeneity_d8,Entropy_d8
ROI_00_0.png,Saudavel,"(300, 201)","(240, 199)",1.0712,2.4082,14.8276,0.8531,17.2358,0.5684,0.6833,0.1014,10.955,0.0591,11.4177,0.0485,11.6274,0.0447,11.6935
ROI_00_1.png,Saudavel,"(291, 201)","(231, 199)",1.1210,2.7462,15.0993,0.8570,17.8455,0.5429,0.6883,0.1011,10.8266,0.062,11.3356,0.0481,11.5833,0.0447,11.6882
ROI_00_2.png,Saudavel,"(287, 198)","(230, 198)",1.1347,2.6569,14.3260,0.8447,16.9829,0.5311,0.6906,0.1,10.7223,0.0606,11.2063,0.0502,11.421,0.0476,11.5313
ROI_00_3.png,Saudavel,"(289, 184)","(226, 195)",1.1089,2.5166,15.0655,0.8489,17.5821,0.5414,0.6834,0.0996,10.8877,0.061,11.3621,0.0488,11.6444,0.0466,11.7214
ROI_00_4.png,Saudavel,"(307, 201)","(226, 199)",1.1300,2.6620,14.4844,0.8560,17.1464,0.5518,0.6906,0.0962,10.7913,0.0558,11.2716,0.0504,11.5375,0.0476,11.6172
ROI_00_5.png,Saudavel,"(292, 186)","(230, 200)",1.0755,2.5574,15.6272,0.8738,18.1846,0.5799,0.6826,0.0948,11.0055,0.0569,11.5438,0.0441,11.8722,0.0419,11.95
ROI_00_6.png,Saudavel,"(286, 193)","(232, 196)",1.1094,2.8036,13.6177,0.8292,16.4213,0.5370,0.6983,0.1224,10.6476,0.0733,11.1201,0.0579,11.3608,0.0561,11.3866
ROI_00_7.png,Saudavel,"(296, 203)","(229, 199)",1.1202,2.5561,13.7297,0.8252,16.2858,0.4896,0.6907,0.1008,10.7148,0.0667,11.1647,0.0555,11.3682,0.0544,11.4255
ROI_00_8.png,Saudavel,"(308, 216)","(234, 203)",1.1511,2.1492,13.8314,0.8839,15.9806,0.5251,0.6832,0.1032,10.7655,0.0553,11.2051,0.0468,11.4378,0.048,11.5364
ROI_00_9.png,Saudavel,"(314, 218)","(235, 196)",1.1385,2.1314,14.5410,0.8964,16.6724,0.4822,0.6775,0.0913,10.8513,0.0581,11.3393,0.0477,11.5722,0.0463,11.6824
ROI_01_0.png,Saudavel,"(384, 205)","(261, 248)",0.9261,2.8176,9.4670,0.8368,12.2846,0.4689,0.7339,0.1334,10.0765,0.094,10.4343,0.0792,10.6001,0.0737,10.6521
ROI_01_1.png,Saudavel,"(388, 195)","(263, 251)",0.9187,2.5599,8.5053,0.8503,11.0653,0.4896,0.7407,0.1281,9.9624,0.1005,10.2772,0.0869,10.4028,0.0788,10.4172
ROI_01_2.png,Saudavel,"(389, 185)","(263, 252)",0.8948,2.1760,8.9001,0.8571,11.0761,0.5118,0.7268,0.1354,9.8684,0.0968,10.2061,0.0806,10.3089,0.0821,10.3157
ROI_01_3.png,Saudavel,"(374, 201)","(258, 251)",0.9209,2.3571,8.7131,0.8398,11.0703,0.5325,0.7342,0.1234,9.9351,0.0958,10.2891,0.0814,10.4363,0.0745,10.5069
ROI_01_4.png,Saudavel,"(377, 209)","(275, 253)",0.9311,2.3776,8.5544,0.8530,10.9320,0.5251,0.7369,0.1252,9.9563,0.0906,10.2844,0.0784,10.3997,0.0768,10.4131
ROI_01_5.png,Saudavel,"(400, 196)","(294, 251)",0.8347,2.0931,7.6944,0.8362,9.7875,0.4985,0.7394,0.1451,9.63,0.1065,9.9125,0.1021,10.054,0.0908,10.1676
ROI_01_6.png,Saudavel,"(398, 197)","(270, 251)",0.8214,2.6237,8.8723,0.8467,11.4960,0.4882,0.7374,0.1484,9.7247,0.1062,10.056,0.083,10.1985,0.0802,10.2484
ROI_01_7.png,Saudavel,"(404, 197)","(279, 253)",0.7950,2.1837,7.2819,0.8735,9.4656,0.4778,0.7488,0.1552,9.608,0.1115,9.937,0.096,10.081,0.0853,10.1823
ROI_01_8.png,Saudavel,"(385, 208)","(283, 251)",0.9758,2.9936,11.4313,0.8804,14.4250,0.5518,0.7218,0.1255,10.3415,0.0827,10.7759,0.0661,10.9982,0.0579,11.0349
ROI_01_9.png,Saudavel,"(393, 209)","(273, 252)",0.8553,2.3291,7.8472,0.8499,10.1763,0.4675,0.7429,0.1556,9.6238,0.1111,9.9453,0.0942,10.0352,0.0902,10.0929
ROI_02_0.png,Saudavel,"(351, 145)","(247, 201)",0.6521,2.1633,6.8601,0.7926,9.0234,0.4985,0.7527,0.1491,9.3721,0.1152,9.655,0.0971,9.7247,0.0951,9.7553
ROI_02_1.png,Saudavel,"(355, 157)","(251, 203)",0.6286,2.6556,7.5780,0.8317,10.2337,0.4601,0.7539,0.1613,9.6918,0.1158,10.0797,0.0991,10.1761,0.0992,10.1642
ROI_02_2.png,Saudavel,"(349, 157)","(254, 200)",0.6399,2.1633,7.2724,0.8398,9.4357,0.4675,0.7466,0.1602,9.5961,0.1092,9.9286,0.096,10.0138,0.0952,10.0018
ROI_02_3.png,Saudavel,"(362, 155)","(259, 198)",0.4989,2.4592,5.2912,0.7788,7.7503,0.5030,0.7891,0.2088,8.8417,0.1487,9.1631,0.1304,9.2656,0.127,9.2705
ROI_02_4.png,Saudavel,"(354, 161)","(264, 203)",0.6150,2.2487,6.6434,0.8148,8.8921,0.4556,0.7577,0.1813,9.0016,0.1351,9.3128,0.1188,9.4055,0.1136,9.4506
ROI_02_5.png,Saudavel,"(348, 161)","(256, 203)",0.5921,2.4656,6.7568,0.7912,9.2224,0.5237,0.7633,0.1713,9.3154,0.1259,9.6492,0.1067,9.7675,0.0934,9.837
ROI_02_6.png,Saudavel,"(348, 152)","(268, 199)",0.6301,2.7793,7.6553,0.8054,10.4347,0.5473,0.7580,0.1675,9.5616,0.1151,9.9299,0.1026,10.0555,0.0936,10.0731
ROI_02_7.png,Saudavel,"(343, 157)","(283, 198)",0.6168,2.4286,6.8704,0.7840,9.2989,0.4985,0.7592,0.1683,9.3422,0.1156,9.6889,0.1033,9.7976,0.0922,9.8765
ROI_02_8.png,Saudavel,"(356, 152)","(275, 199)",0.5457,2.2551,5.0278,0.8053,7.2829,0.5370,0.7934,0.2024,8.6719,0.1483,8.9203,0.1298,8.9643,0.1321,8.9276
ROI_02_9.png,Saudavel,"(340, 146)","(274, 199)",0.6604,2.6901,8.1943,0.7828,10.8843,0.4467,0.7439,0.1441,9.643,0.1062,10.0082,0.0886,10.1756,0.0887,10.1998
ROI_03_0.png,Saudavel,"(315, 137)","(244, 155)",0.8076,2.0179,9.2509,0.8032,11.2688,0.5385,0.7173,0.1162,10.2596,0.0783,10.6074,0.0703,10.7826,0.069,10.8971
ROI_03_1.png,Saudavel,"(303, 133)","(243, 148)",0.9413,2.6059,13.9993,0.8374,16.6052,0.4896,0.6904,0.0919,10.9673,0.0609,11.462,0.0482,11.7732,0.0476,11.8782
ROI_03_2.png,Saudavel,"(304, 130)","(240, 148)",0.9200,2.3673,14.2456,0.8342,16.6130,0.5044,0.6837,0.1035,10.8679,0.0604,11.3928,0.0515,11.698,0.049,11.7769
ROI_03_3.png,Saudavel,"(308, 133)","(239, 147)",0.9111,2.6849,14.6370,0.8294,17.3220,0.4497,0.6867,0.1023,10.8616,0.0635,11.3814,0.0502,11.6974,0.0484,11.7939
ROI_03_4.png,Saudavel,"(308, 137)","(237, 147)",0.9228,2.5893,14.0944,0.8252,16.6837,0.5178,0.6898,0.0977,10.8677,0.0639,11.3357,0.0527,11.6599,0.0488,11.8052
ROI_03_5.png,Saudavel,"(300, 130)","(238, 152)",0.8889,2.3444,12.2487,0.7895,14.5931,0.4630,0.6947,0.1083,10.662,0.0705,11.1581,0.0593,11.4286,0.0568,11.5636
ROI_03_6.png,Saudavel,"(293, 125)","(246, 155)",0.8417,2.1327,10.5341,0.7603,12.6668,0.5192,0.7049,0.121,10.4368,0.0775,10.8702,0.0703,11.0749,0.0681,11.096
ROI_03_7.png,Saudavel,"(304, 127)","(247, 155)",0.8474,2.4005,11.3872,0.7990,13.7877,0.4660,0.7036,0.1166,10.4644,0.0776,10.9148,0.0654,11.1957,0.0683,11.2351
ROI_03_8.png,Saudavel,"(312, 131)","(245, 154)",0.8387,2.5714,13.3797,0.7781,15.9511,0.5251,0.6932,0.1004,10.7907,0.072,11.2777,0.0539,11.5811,0.0542,11.6639
ROI_03_9.png,Saudavel,"(304, 123)","(241, 151)",0.8702,2.5612,12.2272,0.7533,14.7885,0.4379,0.6983,0.1069,10.5199,0.0753,10.9595,0.0611,11.1937,0.0644,11.2436
ROI_04_0.png,Saudavel,"(321, 134)","(255, 166)",0.9947,2.6212,12.9493,0.8338,15.5705,0.5207,0.6989,0.0974,10.8026,0.0723,11.2335,0.0561,11.4404,0.0561,11.4361
ROI_04_1.png,Saudavel,"(321, 134)","(261, 173)",0.9903,2.3776,13.7142,0.8149,16.0918,0.5104,0.6871,0.0885,10.927,0.0614,11.3855,0.05,11.5768,0.0525,11.5942
ROI_04_2.png,Saudavel,"(316, 127)","(263, 165)",1.0527,2.1671,11.9480,0.7814,14.1151,0.4956,0.6934,0.0951,10.6044,0.0708,11.0001,0.0553,11.1425,0.0566,11.2141
ROI_04_3.png,Saudavel,"(317, 129)","(263, 168)",1.0401,2.1327,11.4712,0.8025,13.6038,0.4985,0.6972,0.0955,10.6066,0.0646,10.9942,0.0569,11.1216,0.056,11.1909
ROI_04_4.png,Saudavel,"(312, 122)","(266, 173)",1.0212,2.4936,12.5097,0.8302,15.0033,0.5281,0.6994,0.0996,10.81,0.066,11.2281,0.0543,11.4458,0.0531,11.4939
ROI_04_5.png,Saudavel,"(327, 125)","(264, 166)",0.9870,2.5268,12.5401,0.7830,15.0669,0.4837,0.6973,0.1018,10.7499,0.0699,11.1568,0.0594,11.3713,0.0559,11.4749
ROI_04_6.png,Saudavel,"(316, 124)","(271, 163)",1.0580,2.2959,13.0829,0.8174,15.3788,0.4926,0.6891,0.0895,10.8033,0.0592,11.22,0.0518,11.3933,0.0523,11.4746
ROI_04_7.png,Saudavel,"(334, 129)","(274, 170)",0.9456,3.0459,14.9558,0.7768,18.0017,0.5178,0.6926,0.1089,10.7821,0.0773,11.2738,0.0588,11.5608,0.0528,11.6655
ROI_04_8.png,Saudavel,"(330, 137)","(278, 167)",1.0512,2.6747,12.4620,0.7972,15.1367,0.4719,0.7013,0.1004,10.6681,0.0677,11.0504,0.0587,11.1849,0.0584,11.2328
ROI_04_9.png,Saudavel,"(319, 133)","(279, 165)",1.0646,2.3712,12.2192,0.8191,14.5904,0.5000,0.6976,0.0997,10.7046,0.0634,11.1092,0.0582,11.2756,0.0541,11.3231
ROI_05_0.png,Saudavel,"(326, 151)","(274, 203)",0.9724,1.9860,9.9765,0.7937,11.9625,0.5222,0.7076,0.1148,10.287,0.0767,10.5956,0.0653,10.7025,0.0705,10.7109
ROI_05_1.png,Saudavel,"(325, 147)","(270, 197)",0.9062,2.1097,9.8066,0.8033,11.9163,0.5074,0.7126,0.1186,10.1594,0.0802,10.4882,0.068,10.6187,0.0719,10.6603
ROI_05_2.png,Saudavel,"(328, 154)","(279, 196)",0.8976,2.0395,9.4991,0.7967,11.5386,0.5030,0.7136,0.116,10.166,0.0769,10.4781,0.0703,10.5932,0.0737,10.6049
ROI_05_3.png,Saudavel,"(325, 153)","(270, 198)",0.9096,2.5230,9.2727,0.7931,11.7957,0.5266,0.7298,0.1263,10.1387,0.0819,10.4858,0.0789,10.676,0.07,10.742
ROI_05_4.png,Saudavel,"(333, 152)","(284, 202)",1.0404,2.2079,11.4577,0.8042,13.6656,0.5577,0.7012,0.1149,10.5522,0.0675,10.955,0.0622,11.1727,0.0589,11.2445
ROI_05_5.png,Saudavel,"(333, 156)","(247, 203)",1.0089,2.2793,11.1239,0.8050,13.4033,0.5754,0.7066,0.1148,10.5547,0.0681,10.9454,0.0619,11.1416,0.0603,11.1965
ROI_05_6.png,Saudavel,"(329, 159)","(285, 212)",1.0079,2.1505,11.3632,0.7847,13.5137,0.5562,0.6999,0.1084,10.5241,0.0724,10.8958,0.0629,11.0755,0.0608,11.0987
ROI_05_7.png,Saudavel,"(334, 160)","(288, 208)",0.9965,2.3839,11.3766,0.8045,13.7605,0.5207,0.7052,0.112,10.6166,0.0694,10.9918,0.0571,11.158,0.0623,11.2092
ROI_05_8.png,Saudavel,"(338, 157)","(281, 208)",1.0126,2.4426,12.0409,0.8266,14.4835,0.5133,0.7014,0.1104,10.6449,0.0746,11.0746,0.0571,11.2886,0.0619,11.3519
ROI_05_9.png,Saudavel,"(327, 155)","(271, 204)",0.9386,2.1977,9.6686,0.7999,11.8663,0.4956,0.7160,0.1215,10.2176,0.0846,10.5755,0.0721,10.7274,0.068,10.7502
ROI_06_0.png,Saudavel,"(291, 190)","(243, 233)",1.0638,2.4120,10.7001,0.8409,13.1121,0.4808,0.7119,0.1313,10.297,0.0841,10.6954,0.066,10.9206,0.0609,11.0003
ROI_06_1.png,Saudavel,"(296, 195)","(241, 234)",1.0194,2.2041,9.2464,0.8214,11.4505,0.5680,0.7243,0.1334,10.1314,0.0955,10.494,0.076,10.6486,0.0752,10.7422
ROI_06_2.png,Saudavel,"(306, 197)","(249, 233)",1.0447,2.5306,9.0202,0.8396,11.5508,0.5148,0.7341,0.1425,9.97,0.096,10.3474,0.0762,10.5117,0.0786,10.5185
ROI_06_3.png,Saudavel,"(303, 193)","(259, 240)",1.1040,2.3661,10.6079,0.8506,12.9739,0.5370,0.7138,0.1262,10.2293,0.0776,10.5787,0.0651,10.7249,0.0642,10.7695
ROI_06_4.png,Saudavel,"(292, 185)","(236, 227)",0.9982,2.0574,10.0132,0.8454,12.0706,0.5030,0.7103,0.1112,10.3717,0.0772,10.7229,0.0683,10.8635,0.0678,10.8799
ROI_06_5.png,Saudavel,"(297, 196)","(265, 240)",1.1721,2.2436,12.3556,0.8277,14.5992,0.5355,0.6947,0.101,10.3923,0.071,10.776,0.0614,10.9294,0.0603,10.9906
ROI_06_6.png,Saudavel,"(302, 195)","(255, 238)",1.1098,2.2245,9.1102,0.8621,11.3347,0.5325,0.7266,0.1277,9.9986,0.0853,10.3483,0.0807,10.4821,0.0751,10.566
ROI_06_7.png,Saudavel,"(293, 189)","(254, 236)",1.1450,2.1212,10.2834,0.8236,12.4045,0.4985,0.7084,0.115,10.1386,0.0785,10.431,0.0738,10.5376,0.065,10.6008
ROI_06_8.png,Saudavel,"(306, 204)","(258, 237)",1.0984,3.0434,10.3919,0.8172,13.4353,0.5414,0.7307,0.1357,10.0752,0.0913,10.4637,0.078,10.6295,0.0747,10.7123
ROI_06_9.png,Saudavel,"(308, 208)","(262, 237)",1.1312,2.4821,10.9973,0.8374,13.4795,0.5311,0.7123,0.1176,10.1836,0.0777,10.569,0.0664,10.7675,0.0623,10.8748
ROI_07_0.png,Saudavel,"(311, 183)","(258, 237)",0.8278,2.2742,9.1925,0.8259,11.4667,0.5547,0.7265,0.1278,10.088,0.0866,10.4515,0.0739,10.5877,0.0746,10.644
ROI_07_1.png,Saudavel,"(308, 193)","(261, 235)",0.8268,2.3457,8.8426,0.8144,11.1882,0.5074,0.7304,0.1373,9.9661,0.0945,10.3214,0.0766,10.4623,0.0775,10.4923
ROI_07_2.png,Saudavel,"(316, 198)","(270, 234)",0.8483,2.3686,8.3591,0.8560,10.7277,0.5178,0.7391,0.1457,9.7166,0.0964,10.0397,0.0863,10.1398,0.0805,10.184
ROI_07_3.png,Saudavel,"(330, 202)","(280, 231)",0.8833,2.7985,9.7691,0.8142,12.5676,0.4763,0.7297,0.1479,9.9364,0.0929,10.3279,0.0789,10.5542,0.0728,10.6421
ROI_07_4.png,Saudavel,"(326, 207)","(279, 237)",0.8889,2.3737,8.9472,0.8470,11.3209,0.5044,0.7309,0.141,10.102,0.0914,10.4516,0.0733,10.6113,0.077,10.6635
ROI_07_5.png,Saudavel,"(328, 200)","(282, 237)",0.8755,2.3635,9.1209,0.7886,11.4844,0.5266,0.7273,0.1343,10.04,0.0879,10.4136,0.0734,10.5849,0.0767,10.5687
ROI_07_6.png,Saudavel,"(335, 201)","(279, 235)",0.8832,2.8712,8.9055,0.8013,11.7767,0.5459,0.7432,0.1514,9.766,0.1046,10.1408,0.0882,10.2836,0.0841,10.2372
ROI_07_7.png,Saudavel,"(331, 204)","(282, 237)",0.8806,2.2615,9.0941,0.8510,11.3556,0.5178,0.7268,0.1422,9.9138,0.0919,10.2443,0.0785,10.4132,0.0785,10.4785
ROI_07_8.png,Saudavel,"(336, 210)","(283, 237)",0.8843,2.1148,9.3676,0.8829,11.4824,0.5399,0.7215,0.141,10.0186,0.0877,10.4301,0.0753,10.6149,0.0705,10.6275
ROI_07_9.png,Saudavel,"(332, 205)","(273, 228)",0.9122,2.1952,10.3519,0.8672,12.5471,0.5325,0.7123,0.1278,10.3072,0.0811,10.6692,0.0661,10.8335,0.0706,10.8843
ROI_08_0.png,Saudavel,"(291, 166)","(229, 212)",1.2931,2.3686,14.6608,0.8501,17.0294,0.4896,0.6812,0.0958,10.641,0.0605,11.0757,0.0503,11.3015,0.0476,11.369
ROI_08_1.png,Saudavel,"(276, 161)","(235, 205)",1.3612,2.4337,15.3048,0.8062,17.7385,0.5089,0.6783,0.0881,10.625,0.0556,11.0594,0.0482,11.2532,0.0489,11.2948
ROI_08_2.png,Saudavel,"(280, 168)","(235, 206)",1.3144,2.3508,14.7577,0.8289,17.1084,0.4970,0.6799,0.0922,10.597,0.0593,11.015,0.0481,11.2301,0.0493,11.2669
ROI_08_3.png,Saudavel,"(285, 175)","(244, 210)",1.3131,2.5523,13.1530,0.8415,15.7053,0.4749,0.6947,0.1031,10.3706,0.0606,10.7428,0.0625,10.8899,0.0549,10.9263
ROI_08_4.png,Saudavel,"(289, 175)","(246, 203)",1.3054,2.3023,11.5823,0.8586,13.8846,0.5104,0.7027,0.1146,10.269,0.0628,10.6261,0.0672,10.7629,0.0622,10.7862
ROI_08_5.png,Saudavel,"(284, 172)","(247, 203)",1.3035,2.1390,12.0475,0.8503,14.1865,0.5178,0.6947,0.1082,10.2702,0.0672,10.5906,0.0632,10.7045,0.0582,10.7913
ROI_08_6.png,Saudavel,"(292, 181)","(247, 199)",1.1961,2.2283,11.6526,0.8472,13.8809,0.5340,0.7006,0.1113,10.3699,0.0667,10.7672,0.0648,10.946,0.0643,10.9308
ROI_08_7.png,Saudavel,"(294, 174)","(244, 200)",1.2393,2.2500,13.8095,0.8464,16.0595,0.5340,0.6850,0.1066,10.5748,0.0618,10.9736,0.0563,11.1613,0.0555,11.1974
ROI_08_8.png,Saudavel,"(294, 183)","(246, 204)",1.2719,2.3138,13.1820,0.8360,15.4957,0.5503,0.6910,0.1079,10.49,0.0635,10.8801,0.0572,11.0815,0.0572,11.0888
ROI_08_9.png,Saudavel,"(295, 178)","(238, 205)",1.2319,2.2972,12.1681,0.8287,14.4653,0.5385,0.6977,0.1126,10.3099,0.0699,10.7264,0.0605,10.8865,0.0608,10.8789
ROI_09_0.png,Saudavel,"(279, 153)","(246, 198)",0.9274,2.2844,9.7796,0.8031,12.0640,0.5340,0.7186,0.1212,10.1835,0.0854,10.5719,0.0698,10.7766,0.0713,10.7934
ROI_09_1.png,Saudavel,"(284, 160)","(248, 196)",0.8858,2.5038,9.4171,0.8320,11.9209,0.4763,0.7272,0.1238,10.177,0.0791,10.5461,0.0771,10.6921,0.0716,10.7189
ROI_09_2.png,Saudavel,"(276, 169)","(239, 199)",0.8944,2.1569,9.8609,0.8318,12.0177,0.5399,0.7155,0.123,10.1317,0.0836,10.4963,0.0756,10.6231,0.0735,10.6361
ROI_09_3.png,Saudavel,"(280, 173)","(239, 198)",0.8871,2.5446,10.2745,0.8370,12.8191,0.5133,0.7203,0.1252,10.2318,0.0828,10.605,0.0674,10.7424,0.0713,10.764
ROI_09_4.png,Saudavel,"(278, 170)","(238, 195)",0.8903,2.2270,9.7385,0.8178,11.9656,0.4882,0.7164,0.1206,10.332,0.0808,10.6838,0.0719,10.8215,0.0736,10.8216
ROI_09_5.png,Saudavel,"(280, 173)","(249, 195)",0.8911,2.6862,10.5628,0.8240,13.2490,0.4763,0.7192,0.1215,10.4226,0.0804,10.8536,0.0669,11.0271,0.0672,11.0894
ROI_09_6.png,Saudavel,"(282, 172)","(247, 202)",0.8689,2.5395,9.7824,0.8208,12.3219,0.5414,0.7258,0.1253,10.0425,0.086,10.3908,0.0681,10.5555,0.072,10.6175
ROI_09_7.png,Saudavel,"(287, 179)","(251, 199)",0.9244,3.0179,11.2546,0.8340,14.2725,0.4704,0.7201,0.1235,10.3523,0.0833,10.8148,0.0638,11.061,0.0571,11.0738
ROI_09_8.png,Saudavel,"(293, 178)","(252, 201)",0.8799,2.3457,10.2254,0.8411,12.5711,0.5385,0.7169,0.145,10.0855,0.0827,10.5301,0.0729,10.6845,0.0708,10.7155
ROI_09_9.png,Saudavel,"(298, 189)","(252, 201)",0.8661,2.2666,9.0477,0.8196,11.3142,0.4970,0.7257,0.1309,10.2104,0.0838,10.6004,0.0743,10.7089,0.0768,10.7693
ROI_10_0.png,Saudavel,"(319, 164)","(284, 212)",0.8286,2.5395,8.9123,0.8222,11.4519,0.5533,0.7364,0.1277,10.1684,0.0901,10.5534,0.0759,10.7275,0.0729,10.7668
ROI_10_1.png,Saudavel,"(324, 169)","(277, 209)",0.8048,2.3788,10.0211,0.8385,12.3999,0.5488,0.7201,0.126,10.1624,0.0808,10.5584,0.0673,10.6991,0.0644,10.7458
ROI_10_2.png,Saudavel,"(320, 163)","(286, 211)",0.8534,2.2934,9.4736,0.8263,11.7669,0.4970,0.7217,0.1346,10.2144,0.0863,10.5734,0.0755,10.7097,0.0736,10.7216
ROI_10_3.png,Saudavel,"(323, 165)","(287, 207)",0.8783,2.3763,9.5760,0.8263,11.9522,0.5044,0.7229,0.1255,10.1963,0.0846,10.5272,0.0705,10.6437,0.0738,10.6807
ROI_10_4.png,Saudavel,"(327, 168)","(285, 211)",0.8384,2.2283,8.9026,0.8195,11.1309,0.5518,0.7284,0.1245,10.1359,0.0811,10.509,0.0694,10.6492,0.0724,10.7431
ROI_10_5.png,Saudavel,"(340, 167)","(287, 208)",0.8986,2.5013,10.4849,0.8413,12.9861,0.5488,0.7185,0.1175,10.4623,0.0772,10.8889,0.06,11.1475,0.06,11.2425
ROI_10_6.png,Saudavel,"(326, 165)","(290, 209)",0.8859,2.3482,10.1634,0.8432,12.5116,0.4956,0.7162,0.1251,10.3188,0.0814,10.7033,0.0632,10.9179,0.0624,11.0297
ROI_10_7.png,Saudavel,"(322, 167)","(294, 211)",0.8986,2.1952,10.3428,0.8319,12.5380,0.5104,0.7105,0.1197,10.3245,0.0787,10.7001,0.0649,10.8584,0.0662,10.9213
ROI_10_8.png,Saudavel,"(328, 162)","(285, 211)",0.8610,2.2526,10.6363,0.8626,12.8888,0.5296,0.7108,0.1149,10.3853,0.0756,10.8079,0.0657,10.9921,0.0642,11.0582
ROI_10_9.png,Saudavel,"(324, 163)","(283, 203)",0.8978,2.2092,10.7853,0.8469,12.9945,0.5044,0.7069,0.1077,10.5227,0.0699,10.9045,0.0645,11.0761,0.0602,11.1504
ROI_11_0.png,Saudavel,"(312, 137)","(253, 181)",0.9993,2.3316,11.5595,0.7624,13.8911,0.5089,0.7006,0.1025,10.6107,0.0674,11.0106,0.0624,11.2314,0.0554,11.2829
ROI_11_1.png,Saudavel,"(319, 135)","(247, 185)",0.9179,1.9566,9.8635,0.8519,11.8201,0.5414,0.7106,0.1053,10.4189,0.0657,10.7546,0.0609,10.936,0.0622,11.0095
ROI_11_2.png,Saudavel,"(318, 135)","(236, 183)",0.9292,2.5217,11.6741,0.7801,14.1958,0.4970,0.7045,0.1013,10.6123,0.0694,11.017,0.0622,11.2037,0.0605,11.2729
ROI_11_3.png,Saudavel,"(321, 124)","(237, 191)",0.9872,2.1327,11.1580,0.7703,13.2907,0.4778,0.6982,0.0943,10.6264,0.0619,10.9733,0.0568,11.1359,0.0598,11.2012
ROI_11_4.png,Saudavel,"(305, 101)","(251, 186)",0.9342,2.0446,11.7535,0.7768,13.7982,0.5296,0.6927,0.0914,10.7133,0.0609,11.1016,0.0543,11.3288,0.0571,11.3674
ROI_11_5.png,Saudavel,"(308, 113)","(244, 174)",0.9598,2.1645,10.9886,0.7862,13.1531,0.4556,0.7003,0.094,10.69,0.0657,11.0559,0.0609,11.2597,0.0561,11.35
ROI_11_6.png,Saudavel,"(331, 112)","(261, 182)",0.8455,2.0306,9.7911,0.7789,11.8217,0.5725,0.7121,0.1102,10.2622,0.0828,10.5883,0.0711,10.7127,0.0705,10.7644
ROI_11_7.png,Saudavel,"(316, 95)","(255, 181)",0.9000,1.8584,10.5799,0.7517,12.4383,0.4970,0.6957,0.0892,10.5785,0.0689,10.8412,0.0653,10.9724,0.065,11.0411
ROI_11_8.png,Saudavel,"(320, 107)","(247, 180)",0.9050,2.1288,11.2857,0.8121,13.4145,0.4956,0.6989,0.0944,10.7208,0.0674,11.1181,0.0527,11.3381,0.0524,11.4917
ROI_11_9.png,Saudavel,"(324, 105)","(266, 183)",0.8707,2.0944,10.6984,0.7662,12.7928,0.5577,0.7038,0.1094,10.3385,0.074,10.6846,0.0645,10.8331,0.0611,10.9006
ROI_12_0.png,Saudavel,"(275, 162)","(219, 196)",0.9679,2.8355,13.4937,0.8328,16.3291,0.4763,0.6983,0.0991,10.9302,0.0656,11.4387,0.0496,11.6949,0.0502,11.7481
ROI_12_1.png,Saudavel,"(274, 165)","(217, 193)",0.9778,2.5727,13.4170,0.8269,15.9897,0.5311,0.6945,0.0952,10.9178,0.0596,11.3432,0.0547,11.5988,0.0507,11.6883
ROI_12_2.png,Saudavel,"(270, 166)","(222, 197)",0.9933,2.5344,12.7081,0.8460,15.2426,0.5104,0.6988,0.0999,10.8494,0.0644,11.3069,0.0496,11.5349,0.0516,11.5621
ROI_12_3.png,Saudavel,"(272, 169)","(199, 186)",1.0274,2.2717,12.7815,0.8624,15.0532,0.5251,0.6929,0.1006,10.8625,0.0617,11.2859,0.0543,11.4656,0.0527,11.5379
ROI_12_4.png,Saudavel,"(276, 181)","(198, 191)",0.9448,2.1569,11.1922,0.8430,13.3491,0.5030,0.7016,0.1088,10.5947,0.0683,10.9824,0.0671,11.1525,0.0593,11.2309
ROI_12_5.png,Saudavel,"(276, 177)","(204, 189)",1.0048,2.3036,11.7336,0.8181,14.0372,0.5104,0.7002,0.1012,10.6985,0.0686,11.1364,0.0535,11.3797,0.0533,11.5125
ROI_12_6.png,Saudavel,"(263, 173)","(195, 191)",0.9843,2.6059,11.2872,0.8020,13.8930,0.5207,0.7112,0.1042,10.653,0.0696,11.1045,0.0587,11.2934,0.0631,11.3634
ROI_12_7.png,Saudavel,"(264, 172)","(191, 189)",1.0166,2.4362,11.1903,0.8175,13.6265,0.4911,0.7076,0.0984,10.6518,0.0707,11.0205,0.064,11.1799,0.0598,11.3
ROI_12_8.png,Saudavel,"(276, 186)","(196, 191)",0.9875,2.2628,11.2358,0.8489,13.4985,0.5074,0.7043,0.1124,10.5696,0.0727,10.9779,0.0582,11.182,0.0616,11.2834
ROI_12_9.png,Saudavel,"(285, 181)","(189, 191)",0.9219,2.6569,10.3780,0.8547,13.0349,0.5325,0.7231,0.1348,10.3539,0.0847,10.7748,0.0724,10.9907,0.0655,11.0356
ROI_13_0.png,Saudavel,"(287, 130)","(201, 159)",0.9888,2.2092,10.9229,0.7960,13.1320,0.5148,0.7043,0.1059,10.5357,0.0707,10.9085,0.0629,11.0359,0.0623,11.0335
ROI_13_1.png,Saudavel,"(298, 136)","(218, 163)",1.0126,2.0128,10.6710,0.7831,12.6838,0.5370,0.7017,0.0962,10.5163,0.0655,10.8293,0.0644,10.9808,0.0604,11.0415
ROI_13_2.png,Saudavel,"(311, 144)","(221, 162)",0.9876,2.5702,11.5670,0.7989,14.1372,0.5148,0.7076,0.1078,10.5983,0.074,11.0181,0.0647,11.2561,0.0583,11.2966
ROI_13_3.png,Saudavel,"(306, 139)","(217, 165)",0.9798,2.1645,10.2325,0.7763,12.3970,0.5429,0.7101,0.1046,10.4257,0.0717,10.7714,0.0641,10.9184,0.066,10.9837
ROI_13_4.png,Saudavel,"(314, 141)","(223, 166)",0.9857,2.1441,11.3526,0.7981,13.4967,0.5237,0.6992,0.1061,10.5653,0.0747,10.9173,0.0667,11.0541,0.0632,11.074
ROI_13_5.png,Saudavel,"(313, 145)","(232, 171)",1.0166,2.4426,11.6314,0.8015,14.0740,0.5311,0.7046,0.1114,10.4945,0.0775,10.8699,0.0655,11.0555,0.0623,11.0618
ROI_13_6.png,Saudavel,"(320, 143)","(233, 168)",0.9543,2.3546,11.6275,0.7910,13.9821,0.4822,0.7006,0.1121,10.4776,0.0736,10.8597,0.0638,11.0187,0.0627,11.0492
ROI_13_7.png,Saudavel,"(331, 141)","(236, 170)",0.8941,2.2283,10.0745,0.7884,12.3028,0.5533,0.7142,0.1224,10.0713,0.087,10.43,0.0735,10.5376,0.0708,10.6052
ROI_13_8.png,Saudavel,"(335, 149)","(247, 170)",0.8966,2.3036,9.0205,0.7994,11.3241,0.4749,0.7254,0.1264,10.0004,0.0877,10.3141,0.0828,10.4397,0.0808,10.473
ROI_13_9.png,Saudavel,"(335, 150)","(238, 175)",0.8240,2.7577,9.6605,0.7814,12.4182,0.5044,0.7298,0.1241,10.0606,0.091,10.4043,0.0766,10.5676,0.0703,10.6387
ROI_14_0.png,Saudavel,"(268, 159)","(197, 195)",1.1728,2.8304,14.0005,0.8353,16.8309,0.5015,0.6954,0.0998,10.6255,0.0674,11.0304,0.0557,11.2218,0.0544,11.3
ROI_14_1.png,Saudavel,"(260, 173)","(186, 193)",1.1418,2.2883,16.3119,0.8578,18.6002,0.4911,0.6705,0.0893,10.9548,0.0568,11.4151,0.0451,11.682,0.0472,11.7464
ROI_14_2.png,Saudavel,"(252, 169)","(196, 196)",1.1683,2.4783,13.2923,0.8352,15.7706,0.5488,0.6940,0.0928,10.638,0.0666,11.0327,0.0518,11.2484,0.0531,11.3577
ROI_14_3.png,Saudavel,"(255, 173)","(187, 190)",1.1637,2.2015,15.5798,0.8470,17.7813,0.5577,0.6739,0.0887,10.88,0.0584,11.3261,0.0447,11.5064,0.0482,11.5986
ROI_14_4.png,Saudavel,"(260, 179)","(199, 193)",1.2723,2.2105,16.3174,0.8601,18.5278,0.5059,0.6692,0.0837,10.869,0.0534,11.3287,0.041,11.5842,0.0427,11.6511
ROI_14_5.png,Saudavel,"(250, 157)","(207, 199)",1.1970,2.3571,14.1150,0.8287,16.4722,0.5651,0.6859,0.0971,10.6889,0.0587,11.1147,0.0508,11.3268,0.0493,11.4112
ROI_14_6.png,Saudavel,"(254, 161)","(188, 191)",1.1375,2.7564,14.4445,0.8224,17.2009,0.5178,0.6911,0.0955,10.7061,0.0662,11.1854,0.0511,11.3958,0.0514,11.4898
ROI_14_7.png,Saudavel,"(258, 180)","(192, 197)",1.0684,2.4031,12.7619,0.8252,15.1650,0.5414,0.6956,0.0984,10.6829,0.0685,11.0822,0.0537,11.2967,0.0543,11.3711
ROI_14_8.png,Saudavel,"(259, 162)","(195, 189)",1.1852,2.5446,13.9076,0.7969,16.4522,0.5547,0.6903,0.0955,10.6415,0.0655,11.0505,0.0496,11.2072,0.0497,11.2581
ROI_14_9.png,Saudavel,"(263, 172)","(196, 193)",1.1707,2.4936,14.1949,0.8285,16.6885,0.5118,0.6870,0.0881,10.6975,0.0601,11.1309,0.0459,11.2923,0.0531,11.3636
ROI_15_0.png,Saudavel,"(300, 109)","(247, 138)",1.2754,2.3316,14.6562,0.7923,16.9878,0.5355,0.6801,0.0821,10.6361,0.0564,11.0238,0.0555,11.2095,0.0486,11.3014
ROI_15_1.png,Saudavel,"(299, 113)","(237, 135)",1.2571,2.1378,15.4471,0.7866,17.5849,0.5636,0.6718,0.0784,10.7962,0.0508,11.2044,0.046,11.3995,0.0464,11.4703
ROI_15_2.png,Saudavel,"(309, 118)","(244, 140)",0.9463,2.0816,12.1363,0.8375,14.2179,0.5104,0.6919,0.0929,10.7207,0.0639,11.1219,0.0545,11.3394,0.0498,11.4199
ROI_15_3.png,Saudavel,"(320, 127)","(255, 144)",0.8328,2.1352,10.0199,0.8149,12.1551,0.4970,0.7111,0.1095,10.349,0.0758,10.722,0.0652,10.9188,0.0666,10.9781
ROI_15_4.png,Saudavel,"(316, 121)","(248, 140)",0.9094,2.2232,12.1306,0.8264,14.3538,0.5873,0.6975,0.0964,10.7572,0.0656,11.2014,0.0551,11.4148,0.0517,11.5391
ROI_15_5.png,Saudavel,"(322, 121)","(243, 135)",0.9572,2.5893,12.1421,0.8135,14.7313,0.5030,0.7033,0.1039,10.722,0.069,11.1761,0.0533,11.3705,0.0523,11.5379
ROI_15_6.png,Saudavel,"(320, 123)","(244, 133)",0.9602,2.1645,13.1029,0.8243,15.2675,0.4911,0.6859,0.0902,10.9576,0.0569,11.4148,0.0518,11.651,0.0487,11.7043
ROI_15_7.png,Saudavel,"(318, 124)","(249, 139)",0.8909,2.2066,11.9158,0.8296,14.1225,0.4896,0.6960,0.0997,10.7941,0.0653,11.2567,0.0565,11.4574,0.0543,11.5491
ROI_15_8.png,Saudavel,"(323, 129)","(248, 141)",0.9130,2.2041,10.9358,0.8011,13.1399,0.4719,0.7028,0.1085,10.3889,0.0719,10.7584,0.063,10.8981,0.0673,10.9534
ROI_15_9.png,Saudavel,"(325, 131)","(247, 141)",0.9307,2.2870,11.8293,0.8299,14.1163,0.4941,0.6988,0.1096,10.5503,0.0627,10.9406,0.0595,11.0727,0.0635,11.1301
ROI_16_0.png,Saudavel,"(284, 172)","(227, 214)",0.9645,2.6888,12.2501,0.8445,14.9389,0.5074,0.7057,0.1116,10.6027,0.0718,11.0588,0.0628,11.2458,0.0561,11.289
ROI_16_1.png,Saudavel,"(290, 181)","(223, 215)",0.9143,2.6008,13.3201,0.8703,15.9209,0.4985,0.6961,0.1212,10.6443,0.0711,11.1561,0.0503,11.3615,0.0552,11.3774
ROI_16_2.png,Saudavel,"(286, 177)","(232, 219)",0.9159,2.3916,12.0639,0.8432,14.4555,0.5414,0.7013,0.1074,10.6621,0.0693,11.1253,0.056,11.3213,0.0575,11.3656
ROI_16_3.png,Saudavel,"(301, 185)","(219, 216)",0.8288,2.6212,10.9723,0.8658,13.5935,0.5281,0.7167,0.1331,10.4085,0.0809,10.8641,0.0665,11.0386,0.0642,11.1374
ROI_16_4.png,Saudavel,"(296, 183)","(236, 211)",0.9710,2.3661,12.7031,0.8457,15.0691,0.4837,0.6940,0.1105,10.7433,0.0637,11.2532,0.0501,11.4669,0.0553,11.538
ROI_16_5.png,Saudavel,"(298, 185)","(239, 217)",0.9158,2.6059,11.8954,0.8491,14.5013,0.5030,0.7068,0.1211,10.5639,0.0699,11.0529,0.0528,11.235,0.0581,11.2958
ROI_16_6.png,Saudavel,"(290, 177)","(231, 210)",1.0170,2.2781,12.9709,0.8582,15.2489,0.4985,0.6908,0.1017,10.7263,0.0655,11.1954,0.0551,11.3805,0.054,11.483
ROI_16_7.png,Saudavel,"(300, 184)","(235, 210)",0.9723,2.8278,13.5303,0.8292,16.3581,0.4926,0.6982,0.1064,10.7689,0.0682,11.2483,0.0501,11.4918,0.0539,11.5533
ROI_16_8.png,Saudavel,"(308, 195)","(239, 214)",0.8364,2.8023,10.2098,0.8042,13.0121,0.5089,0.7258,0.1308,10.0983,0.0973,10.5008,0.0765,10.7253,0.0706,10.7946
ROI_16_9.png,Saudavel,"(304, 184)","(239, 216)",0.8724,2.5893,11.5118,0.8580,14.1011,0.4926,0.7096,0.1385,10.2169,0.0826,10.6313,0.067,10.7834,0.0683,10.836
ROI_17_0.png,Esteatose,"(315, 132)","(254, 175)",1.0958,2.2564,12.1273,0.8025,14.3837,0.4645,0.6939,0.1001,10.6042,0.0705,11.0052,0.0612,11.1917,0.0591,11.2254
ROI_17_1.png,Esteatose,"(316, 145)","(287, 194)",0.9361,2.3342,9.8543,0.7809,12.1884,0.4911,0.7168,0.1139,10.3175,0.08,10.6345,0.0734,10.7907,0.0735,10.8146
ROI_17_2.png,Esteatose,"(330, 135)","(269, 182)",0.9910,2.3457,9.7272,0.7808,12.0728,0.4630,0.7175,0.1115,10.3221,0.0878,10.6512,0.0701,10.788,0.0713,10.8308
ROI_17_3.png,Esteatose,"(335, 138)","(281, 181)",0.9973,2.1416,11.3922,0.8179,13.5337,0.5104,0.6989,0.1059,10.5703,0.0737,10.9623,0.0643,11.087,0.0657,11.082
ROI_17_4.png,Esteatose,"(349, 143)","(290, 195)",0.8225,2.3278,9.4960,0.8024,11.8238,0.5725,0.7242,0.124,10.0264,0.0844,10.3313,0.0769,10.5121,0.0697,10.6194
ROI_17_5.png,Esteatose,"(348, 141)","(267, 184)",0.9122,2.5153,10.1413,0.7854,12.6566,0.5251,0.7197,0.1155,10.2691,0.0828,10.6139,0.0691,10.7621,0.068,10.7876
ROI_17_6.png,Esteatose,"(341, 136)","(291, 187)",0.9392,2.1696,10.2208,0.7889,12.3905,0.4763,0.7085,0.108,10.2708,0.0726,10.6346,0.068,10.7673,0.0691,10.7482
ROI_17_7.png,Esteatose,"(347, 145)","(291, 186)",0.9314,2.1378,9.8068,0.7949,11.9446,0.5562,0.7149,0.1334,10.1744,0.0824,10.543,0.0671,10.6789,0.0732,10.7469
ROI_17_8.png,Esteatose,"(361, 143)","(307, 194)",0.9142,2.5293,9.7956,0.7901,12.3249,0.4808,0.7224,0.1276,10.0999,0.0896,10.463,0.0784,10.6461,0.0764,10.7195
ROI_17_9.png,Esteatose,"(352, 136)","(315, 190)",1.0776,2.5893,11.0917,0.7942,13.6810,0.5414,0.7130,0.1055,10.4023,0.0762,10.7768,0.0645,10.9436,0.0648,10.9737
ROI_18_0.png,Esteatose,"(325, 117)","(236, 179)",1.4016,2.1543,15.4451,0.8034,17.5995,0.4793,0.6704,0.0819,10.6019,0.0572,10.9477,0.0517,11.0769,0.0477,11.103
ROI_18_1.png,Esteatose,"(321, 124)","(261, 182)",1.3804,2.1760,14.5435,0.7999,16.7195,0.5296,0.6773,0.0828,10.5598,0.0534,10.9213,0.0528,11.0817,0.0499,11.1405
ROI_18_2.png,Esteatose,"(336, 128)","(270, 181)",1.2950,1.8814,14.0428,0.7793,15.9242,0.5281,0.6725,0.0849,10.6172,0.0586,11.0242,0.0514,11.1852,0.0494,11.2274
ROI_18_3.png,Esteatose,"(324, 122)","(274, 190)",1.3597,1.9872,14.1413,0.8027,16.1286,0.5340,0.6754,0.0837,10.5861,0.0543,10.9097,0.0541,11.0281,0.0518,11.0791
ROI_18_4.png,Esteatose,"(340, 125)","(282, 191)",1.3115,2.4298,15.3659,0.7611,17.7957,0.5044,0.6766,0.0849,10.6172,0.0586,11.0242,0.0514,11.1852,0.0494,11.2274
ROI_18_5.png,Esteatose,"(339, 126)","(268, 187)",1.2243,2.4235,14.3545,0.7461,16.7780,0.5030,0.6820,0.0894,10.6375,0.0634,11.0553,0.0536,11.2106,0.0525,11.2791
ROI_18_6.png,Esteatose,"(335, 121)","(274, 180)",1.3089,2.2462,14.0624,0.7542,16.3086,0.4941,0.6796,0.0827,10.5382,0.0586,10.8804,0.057,11.0482,0.0542,11.0858
ROI_18_7.png,Esteatose,"(336, 128)","(287, 185)",1.2946,2.1250,14.1984,0.7811,16.3234,0.4512,0.6754,0.0828,10.5315,0.0595,10.9133,0.05,11.0763,0.052,11.1118
ROI_18_8.png,Esteatose,"(336, 121)","(289, 186)",1.3186,2.4337,15.1714,0.7798,17.6051,0.5429,0.6793,0.0806,10.6782,0.0571,11.0788,0.049,11.2519,0.0456,11.3109
ROI_18_9.png,Esteatose,"(334, 131)","(284, 187)",1.3396,2.0179,13.3922,0.7928,15.4101,0.4896,0.6793,0.0849,10.4773,0.0622,10.8325,0.0551,10.9744,0.0588,11.0103
ROI_19_0.png,Esteatose,"(333, 181)","(275, 232)",1.4507,2.7921,19.1641,0.8440,21.9562,0.4749,0.6668,0.0814,10.7304,0.0519,11.222,0.0493,11.4784,0.0409,11.6146
ROI_19_1.png,Esteatose,"(330, 185)","(288, 236)",1.5395,2.5383,15.7259,0.8473,18.2641,0.5503,0.6802,0.0913,10.34,0.0587,10.7667,0.0471,11.0239,0.0458,11.1175
ROI_19_2.png,Esteatose,"(333, 197)","(291, 241)",1.3094,2.8916,14.2197,0.8561,17.1113,0.5163,0.6962,0.0968,10.4103,0.0665,10.8494,0.0521,11.0997,0.0504,11.2035
ROI_19_3.png,Esteatose,"(330, 183)","(299, 235)",1.6625,2.5791,16.4138,0.8251,18.9929,0.5163,0.6760,0.0866,10.2445,0.0567,10.6336,0.0512,10.7752,0.0482,10.8023
ROI_19_4.png,Esteatose,"(333, 191)","(291, 235)",1.4913,2.6620,16.9304,0.8465,19.5924,0.4985,0.6751,0.087,10.3936,0.0627,10.8333,0.0449,11.0873,0.0413,11.1457
ROI_19_5.png,Esteatose,"(350, 187)","(305, 240)",1.3869,2.3571,13.8911,0.8517,16.2483,0.5178,0.6866,0.0928,10.227,0.0669,10.5597,0.0568,10.7167,0.0605,10.7765
ROI_19_6.png,Esteatose,"(345, 189)","(301, 236)",1.3496,2.6480,13.9832,0.8349,16.6312,0.5547,0.6931,0.1007,10.239,0.0678,10.6618,0.0536,10.8964,0.0485,10.9884
ROI_19_7.png,Esteatose,"(351, 185)","(302, 239)",1.3319,2.6658,12.7583,0.8412,15.4241,0.5325,0.7019,0.1078,10.0921,0.0723,10.4881,0.0591,10.6841,0.0603,10.77
ROI_19_8.png,Esteatose,"(340, 193)","(303, 243)",1.3991,2.6735,13.2938,0.8227,15.9673,0.5251,0.6973,0.1032,10.1582,0.0619,10.5115,0.0571,10.666,0.0553,10.6985
ROI_19_9.png,Esteatose,"(347, 200)","(299, 243)",1.2378,2.4158,11.3000,0.8240,13.7158,0.4852,0.7061,0.1156,9.9069,0.0776,10.2347,0.071,10.3455,0.0671,10.3569
ROI_20_0.png,Esteatose,"(384, 140)","(348, 211)",0.8358,3.0485,9.8068,0.7768,12.8553,0.4186,0.7316,0.1442,9.6702,0.1038,10.0206,0.0887,10.1732,0.0854,10.2398
ROI_20_1.png,Esteatose,"(379, 156)","(345, 214)",0.9980,2.4987,10.8363,0.8232,13.3350,0.4808,0.7122,0.1143,10.192,0.087,10.6004,0.0712,10.778,0.0699,10.8134
ROI_20_2.png,Esteatose,"(385, 163)","(331, 211)",0.9642,2.6607,12.0426,0.8116,14.7034,0.4956,0.7055,0.1121,10.2416,0.0865,10.6316,0.0678,10.794,0.0649,10.8465
ROI_20_3.png,Esteatose,"(376, 160)","(335, 213)",1.1150,2.9043,12.4061,0.8172,15.3105,0.5059,0.7084,0.1157,10.3214,0.0818,10.7283,0.0661,10.9297,0.0637,10.9537
ROI_20_4.png,Esteatose,"(376, 168)","(341, 218)",1.1657,3.0459,15.4023,0.8349,18.4482,0.4793,0.6903,0.1093,10.5561,0.0743,11.0222,0.0545,11.2512,0.0497,11.2961
ROI_20_5.png,Esteatose,"(377, 171)","(335, 224)",1.2123,3.0702,16.4444,0.8410,19.5146,0.4231,0.6837,0.0998,10.6007,0.0674,11.0429,0.0587,11.2054,0.0571,11.2581
ROI_20_6.png,Esteatose,"(369, 162)","(327, 219)",1.3037,3.0013,17.2106,0.8296,20.2118,0.4393,0.6785,0.0899,10.6912,0.0609,11.1337,0.0531,11.342,0.0486,11.409
ROI_20_7.png,Esteatose,"(370, 167)","(323, 224)",1.0807,3.1492,13.7515,0.8099,16.9008,0.5118,0.7033,0.1081,10.5433,0.0789,10.9985,0.0688,11.2393,0.0535,11.34
ROI_20_8.png,Esteatose,"(373, 175)","(327, 220)",1.1830,2.9656,13.2807,0.7919,16.2463,0.4201,0.6999,0.1107,10.2525,0.0802,10.6351,0.0686,10.8016,0.0643,10.8573
ROI_20_9.png,Esteatose,"(379, 181)","(331, 228)",0.9027,2.7117,9.5214,0.8195,12.2331,0.5251,0.7322,0.1444,9.7406,0.1017,10.1275,0.0844,10.3056,0.0759,10.3264
ROI_21_0.png,Esteatose,"(340, 131)","(258, 192)",1.3723,2.1020,15.4123,0.8101,17.5143,0.5163,0.6705,0.0797,10.5553,0.0565,10.9399,0.0475,11.1349,0.0479,11.1832
ROI_21_1.png,Esteatose,"(345, 138)","(303, 195)",1.3352,2.1607,13.8818,0.7826,16.0425,0.5207,0.6803,0.0821,10.4527,0.0586,10.7656,0.0515,10.9054,0.0511,10.9913
ROI_21_2.png,Esteatose,"(359, 127)","(285, 189)",1.2361,2.2092,13.4294,0.7562,15.6386,0.4734,0.6823,0.0908,10.4643,0.0648,10.8206,0.056,10.9908,0.0562,11.0139
ROI_21_3.png,Esteatose,"(335, 132)","(295, 195)",1.4030,1.9860,14.4787,0.7511,16.4646,0.5044,0.6711,0.0785,10.404,0.0563,10.7241,0.0554,10.8401,0.0511,10.8971
ROI_21_4.png,Esteatose,"(360, 122)","(303, 187)",1.2366,2.1365,12.6747,0.7666,14.8112,0.4808,0.6862,0.0849,10.438,0.0638,10.8257,0.0577,11.0361,0.0546,11.0441
ROI_21_5.png,Esteatose,"(365, 124)","(303, 198)",1.2359,2.1429,13.6005,0.7669,15.7434,0.4601,0.6794,0.0884,10.4756,0.0651,10.8126,0.0549,10.9255,0.0545,10.994
ROI_21_6.png,Esteatose,"(344, 127)","(301, 184)",1.3390,2.1352,14.5658,0.7799,16.7010,0.4556,0.6736,0.0822,10.5205,0.0611,10.8429,0.0528,10.9546,0.053,11.004
ROI_21_7.png,Esteatose,"(343, 129)","(303, 187)",1.3806,2.2283,14.3324,0.7403,16.5607,0.5207,0.6779,0.0821,10.4527,0.0586,10.7656,0.0515,10.9054,0.0511,10.9913
ROI_21_8.png,Esteatose,"(346, 125)","(287, 193)",1.3784,2.0931,13.4774,0.7537,15.5705,0.5680,0.6818,0.0804,10.396,0.0622,10.7176,0.0568,10.8116,0.0578,10.8203
ROI_21_9.png,Esteatose,"(344, 123)","(289, 187)",1.3616,2.2449,15.5417,0.7518,17.7866,0.5015,0.6712,0.0849,10.5998,0.0549,10.9482,0.0534,11.1039,0.055,11.1633
ROI_22_0.png,Esteatose,"(280, 144)","(223, 186)",1.4508,2.7092,17.5203,0.8025,20.2294,0.5207,0.6727,0.0832,10.6604,0.0562,11.0982,0.0418,11.3465,0.0449,11.3927
ROI_22_1.png,Esteatose,"(266, 137)","(238, 193)",1.3517,2.3469,15.4741,0.7856,17.8210,0.5015,0.6747,0.0865,10.6471,0.0547,11.0252,0.0465,11.1853,0.0483,11.2012
ROI_22_2.png,Esteatose,"(271, 150)","(233, 186)",1.4733,2.4133,16.8492,0.8038,19.2624,0.5503,0.6707,0.0829,10.6312,0.0529,11.038,0.0456,11.2372,0.0441,11.3179
ROI_22_3.png,Esteatose,"(277, 141)","(235, 183)",1.4411,2.7959,17.8819,0.7964,20.6779,0.5222,0.6725,0.0763,10.8104,0.0449,11.2619,0.0451,11.4835,0.0398,11.5362
ROI_22_4.png,Esteatose,"(283, 163)","(239, 187)",1.4932,2.3508,15.1352,0.7982,17.4860,0.5237,0.6776,0.0881,10.4112,0.0602,10.7579,0.0531,10.8888,0.049,10.9598
ROI_22_5.png,Esteatose,"(283, 154)","(245, 187)",1.4944,2.2666,16.1231,0.8208,18.3897,0.4896,0.6701,0.0788,10.553,0.0523,10.9026,0.0458,11.0784,0.0474,11.1495
ROI_22_6.png,Esteatose,"(287, 158)","(239, 189)",1.4868,2.1888,17.2635,0.8410,19.4523,0.5414,0.6646,0.0849,10.6244,0.0517,11.064,0.0434,11.2408,0.0396,11.3087
ROI_22_7.png,Esteatose,"(278, 169)","(237, 191)",1.3876,2.2105,14.9798,0.8189,17.1903,0.4852,0.6748,0.0934,10.4711,0.0595,10.8422,0.0456,10.9854,0.0527,10.9773
ROI_22_8.png,Esteatose,"(276, 158)","(219, 186)",1.4101,2.3622,15.1935,0.8031,17.5557,0.5325,0.6779,0.0931,10.4644,0.0594,10.8445,0.0537,11.004,0.0503,11.0397
ROI_22_9.png,Esteatose,"(260, 148)","(225, 194)",1.4416,2.2143,15.2756,0.8106,17.4898,0.5059,0.6736,0.0901,10.4467,0.0583,10.8368,0.0462,10.9826,0.0486,10.994
ROI_23_0.png,Esteatose,"(309, 179)","(246, 223)",1.3076,2.8546,16.1264,0.8570,18.9810,0.4763,0.6829,0.1119,10.5372,0.0657,10.9845,0.0507,11.1966,0.0499,11.3312
ROI_23_1.png,Esteatose,"(313, 187)","(271, 233)",1.1759,2.7768,15.5150,0.8687,18.2917,0.4852,0.6853,0.112,10.5603,0.0723,11.0374,0.0516,11.2444,0.0543,11.3014
ROI_23_2.png,Esteatose,"(301, 195)","(268, 232)",1.2536,2.7207,14.1867,0.8579,16.9074,0.4615,0.6914,0.0985,10.4678,0.0633,10.8782,0.0506,11.0846,0.0535,11.0769
ROI_23_3.png,Esteatose,"(321, 193)","(269, 235)",0.9821,2.5829,11.2416,0.8844,13.8245,0.5695,0.7151,0.1224,10.3381,0.0738,10.725,0.0738,10.8429,0.0635,10.9108
ROI_23_4.png,Esteatose,"(326, 197)","(278, 236)",0.9830,2.3890,10.6230,0.8483,13.0120,0.5015,0.7130,0.1211,10.1318,0.0863,10.4908,0.0694,10.6602,0.0713,10.7421
ROI_23_5.png,Esteatose,"(321, 199)","(279, 229)",1.0616,2.3827,8.2108,0.8623,10.5935,0.5296,0.7421,0.1452,9.6702,0.1002,9.9666,0.0959,10.0723,0.0863,10.1175
ROI_23_6.png,Esteatose,"(317, 187)","(273, 231)",1.1759,3.0944,11.5509,0.8467,14.6453,0.5281,0.7211,0.1201,10.1432,0.0873,10.5298,0.0701,10.7145,0.0681,10.7299
ROI_23_7.png,Esteatose,"(319, 189)","(276, 233)",1.0437,2.8941,11.2218,0.8634,14.1160,0.4601,0.7183,0.123,10.2874,0.0765,10.6733,0.0652,10.8419,0.0613,10.8372
ROI_23_8.png,Esteatose,"(316, 187)","(268, 227)",1.1358,3.0038,11.6774,0.8445,14.6813,0.5089,0.7175,0.1243,10.1848,0.0777,10.5927,0.069,10.7761,0.061,10.8098
ROI_23_9.png,Esteatose,"(329, 185)","(279, 233)",1.0152,3.0918,11.1973,0.8085,14.2892,0.4749,0.7216,0.1352,10.1173,0.0834,10.5056,0.0762,10.6884,0.0711,10.7315
ROI_24_0.png,Esteatose,"(332, 146)","(266, 195)",0.9391,1.9579,10.3652,0.8244,12.3231,0.5444,0.7047,0.1079,10.388,0.0716,10.7023,0.0653,10.8239,0.0664,10.8803
ROI_24_1.png,Esteatose,"(332, 163)","(272, 200)",1.0689,2.4031,12.4738,0.8275,14.8769,0.4970,0.6965,0.102,10.6121,0.067,11.035,0.0567,11.2426,0.0553,11.3317
ROI_24_2.png,Esteatose,"(327, 164)","(272, 198)",1.1264,2.4145,13.4643,0.8147,15.8788,0.5148,0.6898,0.1019,10.6187,0.0631,11.0433,0.0504,11.2511,0.0485,11.3368
ROI_24_3.png,Esteatose,"(328, 169)","(275, 201)",1.1810,2.3827,13.8599,0.8299,16.2425,0.5311,0.6872,0.0937,10.6857,0.0627,11.1379,0.0486,11.347,0.0521,11.4335
ROI_24_4.png,Esteatose,"(326, 173)","(284, 215)",1.1178,2.4158,13.9412,0.8460,16.3570,0.5814,0.6892,0.1035,10.7592,0.0639,11.1978,0.051,11.3778,0.0509,11.419
ROI_24_5.png,Esteatose,"(328, 181)","(287, 209)",1.1669,2.5906,12.9491,0.8368,15.5396,0.5325,0.6986,0.106,10.5263,0.0694,10.9648,0.0535,11.1432,0.0542,11.1592
ROI_24_6.png,Esteatose,"(324, 169)","(280, 206)",1.1838,2.4196,15.1564,0.8347,17.5760,0.5118,0.6796,0.0975,10.7994,0.0651,11.3019,0.0425,11.5215,0.0472,11.5528
ROI_24_7.png,Esteatose,"(334, 164)","(291, 213)",1.1263,2.5689,13.9242,0.8370,16.4930,0.5044,0.6904,0.1021,10.7618,0.0653,11.2127,0.0486,11.4528,0.0478,11.586
ROI_24_8.png,Esteatose,"(328, 175)","(289, 213)",1.1436,2.5829,13.9116,0.8353,16.4945,0.4956,0.6905,0.1008,10.6496,0.0641,11.1209,0.0446,11.3691,0.0536,11.421
ROI_24_9.png,Esteatose,"(327, 173)","(275, 203)",1.1269,2.6403,14.3535,0.8304,16.9938,0.4689,0.6881,0.1048,10.7217,0.0647,11.2037,0.0468,11.4306,0.049,11.4734
ROI_25_0.png,Esteatose,"(339, 155)","(296, 217)",1.6469,2.6237,20.9389,0.8355,23.5627,0.4852,0.6570,0.0794,10.7315,0.0486,11.191,0.0353,11.4009,0.0419,11.4456
ROI_25_1.png,Esteatose,"(320, 151)","(295, 210)",1.6570,2.4949,17.7106,0.7958,20.2055,0.5000,0.6669,0.075,10.5019,0.0515,10.9019,0.0512,11.0813,0.0466,11.1602
ROI_25_2.png,Esteatose,"(324, 163)","(292, 217)",1.6928,2.2334,19.2400,0.8267,21.4734,0.5074,0.6561,0.0735,10.6353,0.0483,11.0506,0.0394,11.2328,0.0399,11.2651
ROI_25_3.png,Esteatose,"(347, 153)","(299, 217)",1.5749,2.4235,18.4415,0.8072,20.8650,0.4763,0.6620,0.0819,10.692,0.0527,11.1046,0.0389,11.2903,0.0405,11.3469
ROI_25_4.png,Esteatose,"(347, 147)","(309, 217)",1.6127,2.4783,19.2072,0.8033,21.6855,0.5074,0.6605,0.0814,10.6362,0.0506,11.0471,0.0407,11.2201,0.0417,11.2658
ROI_25_5.png,Esteatose,"(349, 147)","(302, 222)",1.7151,2.2564,18.1603,0.8179,20.4167,0.5074,0.6607,0.0694,10.5502,0.0489,10.9474,0.0435,11.0782,0.0426,11.1046
ROI_25_6.png,Esteatose,"(341, 153)","(302, 215)",1.6154,2.2130,17.8445,0.7914,20.0575,0.4645,0.6596,0.0681,10.6648,0.0522,11.0277,0.0434,11.1708,0.0421,11.1817
ROI_25_7.png,Esteatose,"(333, 155)","(281, 225)",1.7381,2.4809,20.4914,0.8223,22.9722,0.5044,0.6561,0.0669,10.676,0.0437,11.1041,0.0402,11.3255,0.0403,11.3564
ROI_25_8.png,Esteatose,"(346, 157)","(295, 224)",1.7248,2.2513,21.1268,0.8400,23.3781,0.5089,0.6500,0.065,10.733,0.0436,11.17,0.0335,11.3621,0.034,11.3646
ROI_25_9.png,Esteatose,"(343, 149)","(291, 217)",1.6927,2.3686,20.3415,0.8334,22.7101,0.5503,0.6557,0.0656,10.7316,0.042,11.1349,0.038,11.3153,0.0382,11.3619
ROI_26_0.png,Esteatose,"(340, 99)","(288, 167)",1.6207,2.0166,17.7425,0.7149,19.7591,0.4719,0.6541,0.0694,10.6105,0.0486,10.9206,0.0456,11.0552,0.0444,11.1196
ROI_26_1.png,Esteatose,"(348, 99)","(287, 172)",1.5701,2.1786,18.2308,0.7160,20.4094,0.5044,0.6564,0.07,10.7611,0.0449,11.1299,0.044,11.3302,0.0384,11.3848
ROI_26_2.png,Esteatose,"(347, 98)","(292, 173)",1.5598,2.0191,18.6401,0.7287,20.6592,0.5192,0.6521,0.0627,10.7871,0.0461,11.1615,0.0407,11.3333,0.0415,11.3746
ROI_26_3.png,Esteatose,"(355, 101)","(297, 176)",1.5700,2.1888,17.5780,0.7366,19.7667,0.5547,0.6611,0.0717,10.6663,0.0479,11.0776,0.0439,11.2707,0.046,11.3249
ROI_26_4.png,Esteatose,"(356, 97)","(298, 168)",1.5445,2.5255,18.2639,0.7523,20.7894,0.4970,0.6640,0.0714,10.7053,0.0485,11.0961,0.043,11.3344,0.0407,11.431
ROI_26_5.png,Esteatose,"(365, 97)","(302, 172)",1.5138,2.4260,17.7605,0.7693,20.1866,0.4689,0.6639,0.0754,10.7598,0.0482,11.1769,0.043,11.3928,0.0432,11.4047
ROI_26_6.png,Esteatose,"(368, 97)","(295, 174)",1.4970,2.4911,18.1160,0.7739,20.6071,0.5222,0.6650,0.0715,10.7504,0.0526,11.1824,0.0405,11.3714,0.043,11.3767
ROI_26_7.png,Esteatose,"(362, 102)","(308, 177)",1.5559,2.5459,18.3163,0.7694,20.8623,0.4911,0.6644,0.0683,10.7181,0.0584,11.1168,0.0431,11.3339,0.0408,11.4161
ROI_26_8.png,Esteatose,"(374, 102)","(312, 181)",1.5147,2.3163,15.5829,0.7811,17.8992,0.4822,0.6728,0.0728,10.5415,0.0526,10.8984,0.045,11.0782,0.048,11.1293
ROI_26_9.png,Esteatose,"(376, 99)","(283, 175)",1.3014,2.5548,14.5075,0.7490,17.0624,0.5089,0.6842,0.0864,10.5912,0.0621,11.0072,0.0545,11.1685,0.0555,11.2481
ROI_27_0.png,Esteatose,"(308, 125)","(232, 179)",1.3125,2.0038,13.6461,0.7815,15.6499,0.4763,0.6766,0.0824,10.6156,0.0555,10.9344,0.0511,11.0652,0.0542,11.1122
ROI_27_1.png,Esteatose,"(317, 116)","(251, 177)",1.4119,2.2653,15.2614,0.7821,17.5267,0.5089,0.6742,0.0814,10.6252,0.0513,10.9803,0.0531,11.1273,0.0527,11.1512
ROI_27_2.png,Esteatose,"(301, 116)","(243, 167)",1.3943,2.1263,15.2050,0.7646,17.3312,0.5015,0.6706,0.077,10.6537,0.0499,11.0119,0.047,11.1598,0.0466,11.2018
ROI_27_3.png,Esteatose,"(307, 113)","(236, 163)",1.3488,2.1862,17.3535,0.7920,19.5397,0.4734,0.6614,0.0695,10.8416,0.0516,11.2717,0.0446,11.4676,0.0399,11.5047
ROI_27_4.png,Esteatose,"(314, 120)","(248, 178)",1.3751,2.1327,15.9831,0.7778,18.1158,0.4852,0.6666,0.0853,10.7466,0.0526,11.1829,0.0463,11.3827,0.0473,11.4516
ROI_27_5.png,Esteatose,"(298, 121)","(245, 169)",1.4181,2.1212,16.0783,0.7770,18.1994,0.5281,0.6670,0.0753,10.6842,0.0513,11.0517,0.0474,11.2081,0.0426,11.2694
ROI_27_6.png,Esteatose,"(304, 121)","(234, 169)",1.3764,2.1441,15.3820,0.8022,17.5261,0.5518,0.6724,0.0765,10.6166,0.0588,10.9942,0.0486,11.1328,0.0483,11.2022
ROI_27_7.png,Esteatose,"(288, 117)","(234, 167)",1.3653,2.0638,14.7062,0.8010,16.7700,0.5074,0.6731,0.0814,10.6542,0.0507,11.0238,0.0487,11.233,0.048,11.3017
ROI_27_8.png,Esteatose,"(293, 114)","(234, 168)",1.4038,2.2054,17.2469,0.8038,19.4523,0.5030,0.6632,0.0748,10.7741,0.0495,11.2242,0.045,11.3826,0.0424,11.3931
ROI_27_9.png,Esteatose,"(316, 127)","(237, 164)",1.3216,2.2079,14.8554,0.8050,17.0633,0.5370,0.6765,0.0915,10.5844,0.0531,10.9833,0.0499,11.1547,0.0504,11.2038
ROI_28_0.png,Esteatose,"(358, 148)","(247, 185)",0.8280,2.3227,8.7320,0.8044,11.0547,0.5015,0.7306,0.1217,10.1008,0.0865,10.4468,0.0823,10.5926,0.0752,10.604
ROI_28_1.png,Esteatose,"(336, 155)","(246, 173)",0.9462,2.1747,8.9108,0.8194,11.0855,0.5074,0.7252,0.1228,10.2004,0.0892,10.5151,0.071,10.6549,0.0734,10.6994
ROI_28_2.png,Esteatose,"(349, 155)","(252, 173)",0.9093,2.0421,10.3985,0.8131,12.4406,0.4349,0.7026,0.1208,10.355,0.083,10.7503,0.065,10.9124,0.07,10.9586
ROI_28_3.png,Esteatose,"(346, 152)","(249, 170)",0.9706,2.3916,10.4587,0.8326,12.8502,0.5074,0.7144,0.1291,10.3471,0.0826,10.7611,0.0712,10.915,0.0673,10.9692
ROI_28_4.png,Esteatose,"(341, 149)","(250, 169)",0.9592,2.1786,10.2164,0.8250,12.3949,0.4985,0.7107,0.112,10.5021,0.0789,10.8528,0.0623,11.0253,0.0653,11.0633
ROI_28_5.png,Esteatose,"(313, 146)","(253, 176)",1.0583,2.3712,12.7926,0.8294,15.1638,0.4541,0.6922,0.0983,10.8198,0.0615,11.2863,0.0516,11.5204,0.0548,11.593
ROI_28_6.png,Esteatose,"(334, 154)","(247, 179)",0.9588,2.4464,10.1612,0.8100,12.6076,0.4837,0.7172,0.1153,10.4583,0.081,10.8519,0.0665,11.0376,0.0714,11.0445
ROI_28_7.png,Esteatose,"(340, 168)","(249, 176)",0.9557,2.4541,9.7858,0.8007,12.2399,0.4660,0.7204,0.1233,10.3256,0.081,10.732,0.0696,10.883,0.0648,10.9195
ROI_28_8.png,Esteatose,"(335, 162)","(241, 176)",0.9488,2.5051,10.6765,0.8259,13.1816,0.4260,0.7122,0.1096,10.4149,0.0755,10.82,0.0675,10.9586,0.061,10.9343
ROI_28_9.png,Esteatose,"(345, 167)","(247, 176)",0.9443,2.3878,10.5662,0.8142,12.9539,0.5000,0.7124,0.1193,10.3683,0.0818,10.7695,0.0687,10.9272,0.0656,10.965
ROI_29_0.png,Esteatose,"(353, 116)","(244, 153)",1.3870,2.1582,15.4231,0.8056,17.5813,0.5459,0.6724,0.0693,10.7247,0.0527,11.0974,0.0475,11.2967,0.0457,11.3486
ROI_29_1.png,Esteatose,"(355, 120)","(261, 165)",1.5271,2.4554,17.0439,0.7728,19.4992,0.5680,0.6703,0.0766,10.596,0.0539,10.9866,0.0476,11.1666,0.0429,11.279
ROI_29_2.png,Esteatose,"(360, 122)","(260, 157)",1.4681,2.2730,17.5455,0.7888,19.8185,0.4822,0.6625,0.0769,10.6529,0.0544,11.0543,0.0419,11.2741,0.0458,11.3416
ROI_29_3.png,Esteatose,"(343, 119)","(254, 155)",1.4782,2.3597,16.2190,0.7709,18.5787,0.5222,0.6712,0.0757,10.6021,0.0607,11.0217,0.0528,11.1569,0.0502,11.1984
ROI_29_4.png,Esteatose,"(314, 116)","(239, 149)",1.4032,2.1020,15.7367,0.7510,17.8388,0.4911,0.6666,0.0832,10.6161,0.0544,11.0054,0.0469,11.1864,0.0479,11.2368
ROI_29_5.png,Esteatose,"(297, 125)","(268, 166)",1.5231,2.1798,15.9145,0.7574,18.0943,0.5133,0.6682,0.0772,10.6022,0.0543,10.9051,0.0494,11.0511,0.0466,11.1378
ROI_29_6.png,Esteatose,"(318, 113)","(249, 155)",1.5125,2.0791,16.7536,0.7327,18.8326,0.5962,0.6633,0.0641,10.7187,0.0496,11.0866,0.0436,11.2487,0.0469,11.3088
ROI_29_7.png,Esteatose,"(325, 119)","(257, 157)",1.4424,2.0740,16.0428,0.7770,18.1168,0.4896,0.6651,0.0734,10.6944,0.0541,11.0795,0.0491,11.2737,0.0445,11.3294
ROI_29_8.png,Esteatose,"(312, 126)","(240, 158)",1.3923,1.9898,14.1065,0.7697,16.0963,0.5562,0.6753,0.0877,10.4987,0.0626,10.8541,0.0527,11.0053,0.0531,11.0604
ROI_29_9.png,Esteatose,"(314, 125)","(237, 152)",1.4096,2.2232,14.7693,0.7543,16.9925,0.5000,0.6750,0.0823,10.5565,0.0541,10.9409,0.049,11.1163,0.0453,11.1661
ROI_30_0.png,Esteatose,"(314, 172)","(216, 206)",1.3806,2.1416,13.9402,0.8148,16.0818,0.5030,0.6798,0.0964,10.3115,0.0598,10.6471,0.0588,10.7983,0.0564,10.8404
ROI_30_1.png,Esteatose,"(318, 185)","(232, 211)",1.3727,2.8304,14.5927,0.8066,17.4231,0.5340,0.6917,0.0992,10.2611,0.0632,10.6353,0.0563,10.7701,0.0548,10.7918
ROI_30_2.png,Esteatose,"(339, 171)","(227, 213)",1.3670,2.5153,14.1354,0.7959,16.6507,0.5370,0.6877,0.0911,10.3318,0.063,10.6745,0.057,10.8439,0.0555,10.9201
ROI_30_3.png,Esteatose,"(334, 175)","(244, 208)",1.3912,2.8240,15.4783,0.8123,18.3023,0.4970,0.6854,0.0953,10.4024,0.0687,10.8151,0.0545,10.9792,0.0482,11.0481
ROI_30_4.png,Esteatose,"(346, 176)","(236, 211)",1.3759,2.3087,16.2905,0.8213,18.5992,0.5074,0.6706,0.0856,10.6635,0.0557,11.1254,0.044,11.3318,0.045,11.3858
ROI_30_5.png,Esteatose,"(348, 174)","(240, 212)",1.4235,2.4018,15.1158,0.8081,17.5175,0.5044,0.6786,0.0939,10.3804,0.0595,10.8095,0.0527,10.941,0.0466,10.9419
ROI_30_6.png,Esteatose,"(356, 166)","(250, 207)",1.3599,2.6747,14.3433,0.7725,17.0180,0.4778,0.6876,0.0897,10.3902,0.064,10.7808,0.0502,10.9823,0.0489,11.0925
ROI_30_7.png,Esteatose,"(341, 156)","(240, 213)",1.5536,2.5089,18.9526,0.8004,21.4616,0.5089,0.6621,0.0786,10.5867,0.0562,10.9797,0.05,11.1607,0.0414,11.2486
ROI_30_8.png,Esteatose,"(327, 168)","(241, 210)",1.5326,2.5982,18.8843,0.8241,21.4825,0.5118,0.6647,0.0795,10.6055,0.055,11.0465,0.0474,11.271,0.0401,11.327
ROI_30_9.png,Esteatose,"(321, 163)","(244, 212)",1.5484,2.0676,15.4896,0.8167,17.5572,0.5178,0.6695,0.076,10.3452,0.0565,10.6955,0.0459,10.8105,0.0499,10.8618
ROI_31_0.png,Esteatose,"(296, 137)","(217, 173)",1.3940,2.3112,16.2173,0.7969,18.5285,0.5311,0.6710,0.0776,10.6846,0.0533,11.049,0.046,11.2278,0.0479,11.2371
ROI_31_1.png,Esteatose,"(320, 147)","(233, 178)",1.4218,2.4209,15.4266,0.7977,17.8476,0.5207,0.6774,0.0899,10.4995,0.0624,10.862,0.0556,11.0205,0.0503,11.0611
ROI_31_2.png,Esteatose,"(329, 165)","(238, 176)",1.2596,2.3380,13.7849,0.8394,16.1229,0.5858,0.6885,0.0964,10.519,0.0632,10.923,0.055,11.1183,0.0542,11.1828
ROI_31_3.png,Esteatose,"(274, 144)","(219, 177)",1.3631,2.4401,14.1761,0.7947,16.6161,0.4852,0.6843,0.0857,10.4757,0.0612,10.868,0.0527,11.0152,0.0487,11.0628
ROI_31_4.png,Esteatose,"(315, 156)","(224, 174)",1.3077,1.9911,14.3254,0.8264,16.3164,0.5533,0.6755,0.0943,10.5062,0.058,10.8747,0.0531,11.0303,0.0515,11.0946
ROI_31_5.png,Esteatose,"(333, 160)","(229, 172)",1.3269,2.6339,14.5498,0.7911,17.1837,0.5547,0.6880,0.091,10.4696,0.0608,10.9137,0.0505,11.103,0.0496,11.1647
ROI_31_6.png,Esteatose,"(327, 161)","(241, 179)",1.3406,2.3099,14.9355,0.8127,17.2454,0.5207,0.6781,0.0929,10.4993,0.0599,10.9104,0.0494,11.0948,0.0504,11.1181
ROI_31_7.png,Esteatose,"(310, 159)","(246, 180)",1.3106,2.1454,13.4661,0.8264,15.6115,0.5044,0.6834,0.0906,10.5105,0.0562,10.861,0.0544,11.0096,0.0525,11.0667
ROI_31_8.png,Esteatose,"(307, 159)","(235, 178)",1.3016,2.1607,13.9368,0.8229,16.0975,0.5030,0.6805,0.0937,10.5054,0.0588,10.8641,0.0517,11.0398,0.0522,11.0963
ROI_31_9.png,Esteatose,"(326, 161)","(230, 172)",1.3750,2.6403,14.6263,0.8120,17.2666,0.5710,0.6886,0.0952,10.4278,0.0662,10.8235,0.0573,11.0403,0.0494,11.1245
ROI_32_0.png,Esteatose,"(352, 143)","(296, 208)",1.3407,2.1020,13.1967,0.7913,15.2988,0.4601,0.6818,0.0925,10.4776,0.0634,10.837,0.0566,10.9755,0.0523,10.9873
ROI_32_1.png,Esteatose,"(356, 134)","(282, 207)",1.4005,2.2054,13.8746,0.7853,16.0800,0.5192,0.6814,0.0869,10.4272,0.0621,10.7762,0.0518,10.9217,0.0583,10.925
ROI_32_2.png,Esteatose,"(340, 137)","(294, 214)",1.4402,2.4209,14.4697,0.7846,16.8906,0.4956,0.6820,0.0889,10.3581,0.069,10.7316,0.0523,10.891,0.0512,10.9021
ROI_32_3.png,Esteatose,"(353, 136)","(284, 215)",1.3678,2.3074,13.8999,0.7989,16.2073,0.5000,0.6835,0.0889,10.4249,0.062,10.7615,0.0531,10.8781,0.0561,10.8781
ROI_32_4.png,Esteatose,"(355, 161)","(285, 212)",1.1934,2.1671,14.2024,0.8395,16.3695,0.4793,0.6788,0.0933,10.6029,0.057,10.9918,0.0521,11.1361,0.0539,11.2095
ROI_32_5.png,Esteatose,"(346, 159)","(280, 208)",1.1667,2.0434,13.1639,0.8217,15.2073,0.5473,0.6840,0.1047,10.5821,0.0612,10.9644,0.0547,11.1305,0.0564,11.1759
ROI_32_6.png,Esteatose,"(361, 151)","(289, 210)",1.2650,2.1824,13.6210,0.8190,15.8034,0.4408,0.6812,0.0913,10.5474,0.0609,10.8841,0.0523,10.9883,0.0557,11.0105
ROI_32_7.png,Esteatose,"(363, 155)","(289, 209)",1.1865,2.0931,12.4628,0.8363,14.5559,0.5370,0.6904,0.0919,10.4681,0.0645,10.8064,0.0589,10.945,0.0575,10.9572
ROI_32_8.png,Esteatose,"(347, 162)","(284, 210)",1.1582,2.4821,14.2069,0.8531,16.6890,0.4630,0.6860,0.0989,10.6752,0.0646,11.0858,0.054,11.317,0.051,11.3893
ROI_32_9.png,Esteatose,"(354, 165)","(285, 215)",1.1951,2.4605,13.6604,0.8627,16.1209,0.5074,0.6906,0.102,10.5555,0.0653,11.027,0.0547,11.2485,0.053,11.3769
ROI_33_0.png,Esteatose,"(350, 148)","(280, 191)",1.4825,2.5293,17.3130,0.7975,19.8423,0.5503,0.6707,0.0781,10.5786,0.0507,10.9768,0.044,11.1845,0.0406,11.2615
ROI_33_1.png,Esteatose,"(354, 144)","(288, 185)",1.5266,2.3520,19.2564,0.7971,21.6084,0.5133,0.6579,0.0741,10.7393,0.0426,11.1486,0.0371,11.336,0.0412,11.399
ROI_33_2.png,Esteatose,"(351, 166)","(291, 191)",1.6714,2.4209,19.0929,0.8402,21.5138,0.5503,0.6616,0.0755,10.6263,0.0477,11.0118,0.0438,11.2128,0.0392,11.2756
ROI_33_3.png,Esteatose,"(347, 162)","(298, 194)",1.6550,2.2181,19.3485,0.8454,21.5666,0.5325,0.6564,0.0744,10.6496,0.0496,11.0591,0.0382,11.2455,0.0413,11.2458
ROI_33_4.png,Esteatose,"(356, 167)","(298, 194)",1.5708,2.2296,18.5575,0.8426,20.7871,0.5666,0.6604,0.0834,10.5442,0.0495,10.9256,0.0419,11.12,0.0432,11.1917
ROI_33_5.png,Esteatose,"(351, 167)","(300, 191)",1.5706,2.3431,18.8241,0.8399,21.1672,0.4985,0.6600,0.0803,10.6804,0.047,11.0401,0.0406,11.2163,0.0415,11.2594
ROI_33_6.png,Esteatose,"(351, 179)","(300, 192)",1.4926,2.4821,16.1957,0.8299,18.6778,0.5399,0.6758,0.0814,10.5273,0.051,10.9032,0.0463,11.0843,0.043,11.108
ROI_33_7.png,Esteatose,"(352, 164)","(299, 194)",1.6018,2.2474,18.9646,0.8422,21.2121,0.5266,0.6582,0.0779,10.6458,0.0486,11.026,0.0424,11.2132,0.044,11.2288
ROI_33_8.png,Esteatose,"(352, 161)","(294, 186)",1.5703,2.3929,18.8695,0.8339,21.2623,0.5178,0.6611,0.0787,10.6276,0.053,11.0476,0.0423,11.2582,0.042,11.2889
ROI_33_9.png,Esteatose,"(353, 150)","(303, 187)",1.4793,2.4541,18.4906,0.8301,20.9446,0.5030,0.6635,0.0827,10.663,0.0501,11.1123,0.0411,11.3041,0.0415,11.3753
ROI_34_0.png,Esteatose,"(307, 161)","(207, 185)",1.1167,2.4630,11.7281,0.8106,14.1911,0.4438,0.7018,0.1203,10.2091,0.0804,10.6186,0.0664,10.7522,0.063,10.7738
ROI_34_1.png,Esteatose,"(311, 164)","(213, 199)",1.0958,2.3533,12.0413,0.8353,14.3947,0.5148,0.6995,0.109,10.5269,0.0694,10.9473,0.0608,11.1305,0.0594,11.16
ROI_34_2.png,Esteatose,"(311, 150)","(219, 191)",1.1121,2.3227,11.0118,0.7857,13.3345,0.5266,0.7065,0.1112,10.2557,0.0776,10.6162,0.0637,10.7377,0.0606,10.7708
ROI_34_3.png,Esteatose,"(304, 166)","(221, 195)",1.1716,2.4860,12.3300,0.7904,14.8159,0.5385,0.6998,0.1149,10.2802,0.0779,10.6907,0.0654,10.8457,0.0618,10.9088
ROI_34_4.png,Esteatose,"(284, 162)","(214, 197)",1.1575,1.9860,12.4395,0.8017,14.4255,0.5399,0.6869,0.0939,10.4763,0.059,10.8479,0.0561,10.9633,0.0603,11.0154
ROI_34_5.png,Esteatose,"(289, 166)","(215, 195)",1.1741,2.0497,12.0422,0.8473,14.0920,0.5444,0.6931,0.0978,10.4765,0.0648,10.7778,0.0587,10.918,0.0558,10.9974
ROI_34_6.png,Esteatose,"(300, 164)","(216, 184)",1.0957,2.1008,10.1970,0.8173,12.2978,0.5281,0.7096,0.118,10.1113,0.0781,10.443,0.0688,10.5394,0.0694,10.5739
ROI_34_7.png,Esteatose,"(285, 172)","(219, 193)",1.1428,2.0957,11.6666,0.8374,13.7623,0.5104,0.6960,0.1126,10.3353,0.0751,10.7225,0.0605,10.8681,0.0619,10.8904
ROI_34_8.png,Esteatose,"(292, 167)","(219, 194)",1.1622,2.7296,11.8778,0.7676,14.6074,0.4393,0.7055,0.1152,10.3224,0.0795,10.6903,0.0611,10.8387,0.0648,10.8487
ROI_34_9.png,Esteatose,"(288, 165)","(223, 183)",1.0952,2.3431,12.9084,0.7958,15.2515,0.4704,0.6902,0.106,10.6052,0.0662,10.9961,0.0591,11.1794,0.0591,11.264
ROI_35_0.png,Esteatose,"(270, 190)","(201, 225)",1.6702,2.7691,20.2569,0.8607,23.0260,0.5621,0.6642,0.0925,10.4701,0.053,10.9179,0.0437,11.0946,0.0404,11.1397
ROI_35_1.png,Esteatose,"(274, 185)","(210, 226)",1.7158,3.0638,18.5284,0.8214,21.5921,0.5340,0.6754,0.0746,10.4683,0.0544,10.8526,0.0424,11.0348,0.044,11.0765
ROI_35_2.png,Esteatose,"(284, 187)","(199, 226)",1.7888,2.6824,20.7401,0.8702,23.4225,0.5385,0.6605,0.0872,10.5273,0.0521,11.0417,0.0394,11.3203,0.0357,11.4202
ROI_35_3.png,Esteatose,"(275, 186)","(203, 228)",1.6433,2.9987,20.2062,0.8531,23.2049,0.5592,0.6682,0.0841,10.6047,0.0553,11.0865,0.0442,11.3213,0.0384,11.4024
ROI_35_4.png,Esteatose,"(267, 187)","(201, 218)",1.6079,2.9184,18.5980,0.8403,21.5164,0.5459,0.6731,0.089,10.5229,0.0559,10.9654,0.0443,11.1551,0.0417,11.2223
ROI_35_5.png,Esteatose,"(283, 186)","(198, 227)",1.6427,2.5204,18.8026,0.8511,21.3231,0.5740,0.6655,0.0867,10.5611,0.0531,11.0056,0.0408,11.2115,0.0397,11.2621
ROI_35_6.png,Esteatose,"(285, 201)","(208, 228)",1.6015,2.6110,18.9860,0.8480,21.5969,0.5251,0.6653,0.0868,10.5065,0.0525,10.9628,0.043,11.1963,0.038,11.3001
ROI_35_7.png,Esteatose,"(281, 195)","(207, 215)",1.4574,2.6071,16.6085,0.8547,19.2157,0.5385,0.6768,0.0858,10.5013,0.0556,10.8987,0.0509,11.0847,0.0462,11.1372
ROI_35_8.png,Esteatose,"(288, 197)","(210, 226)",1.5188,2.7258,16.3137,0.8475,19.0395,0.5385,0.6806,0.0937,10.4348,0.0571,10.8735,0.0473,11.0584,0.0448,11.1088
ROI_35_9.png,Esteatose,"(283, 185)","(209, 227)",1.6192,2.7398,20.4741,0.8340,23.2139,0.5325,0.6617,0.0773,10.6908,0.0496,11.1286,0.0423,11.3341,0.04,11.3412
ROI_36_0.png,Esteatose,"(313, 177)","(234, 210)",1.6089,2.9528,20.0747,0.8448,23.0275,0.5133,0.6668,0.0853,10.6172,0.0541,11.0602,0.0425,11.2755,0.0386,11.3672
ROI_36_1.png,Esteatose,"(309, 172)","(237, 198)",1.4133,2.8151,18.5860,0.8095,21.4010,0.5074,0.6697,0.0757,10.7273,0.0509,11.2155,0.044,11.4585,0.039,11.5257
ROI_36_2.png,Esteatose,"(320, 169)","(229, 207)",1.5321,2.9349,20.5986,0.8390,23.5336,0.5266,0.6646,0.0771,10.7581,0.0524,11.2145,0.0403,11.4459,0.0332,11.5163
ROI_36_3.png,Esteatose,"(314, 166)","(235, 209)",1.5682,2.9872,21.9797,0.8040,24.9669,0.5059,0.6594,0.0726,10.7978,0.0489,11.2561,0.0439,11.4984,0.0356,11.6523
ROI_36_4.png,Esteatose,"(312, 173)","(229, 217)",1.3625,2.8316,16.6150,0.8087,19.4467,0.5695,0.6809,0.0959,10.553,0.0582,10.9874,0.0502,11.1783,0.0433,11.2413
ROI_36_5.png,Esteatose,"(322, 166)","(231, 207)",1.5420,2.6798,19.0641,0.7914,21.7439,0.5118,0.6648,0.0759,10.6543,0.0506,11.0707,0.0437,11.2638,0.0398,11.3515
ROI_36_6.png,Esteatose,"(315, 173)","(241, 207)",1.5737,2.8329,19.9881,0.8188,22.8210,0.5015,0.6643,0.0745,10.6607,0.0485,11.1121,0.0416,11.3593,0.0357,11.4227
ROI_36_7.png,Esteatose,"(325, 178)","(229, 206)",1.4507,2.7946,16.2915,0.8042,19.0861,0.5340,0.6809,0.0923,10.4341,0.0583,10.8037,0.0575,10.9817,0.0492,11.0313
ROI_36_8.png,Esteatose,"(313, 184)","(243, 216)",1.5849,2.5064,17.9369,0.8053,20.4433,0.4956,0.6662,0.0898,10.3859,0.0548,10.7871,0.0507,10.9402,0.045,10.9862
ROI_36_9.png,Esteatose,"(306, 168)","(249, 215)",1.7985,2.4209,19.9990,0.7918,22.4199,0.4882,0.6557,0.0786,10.4668,0.0478,10.8656,0.0449,11.0867,0.0394,11.1839
ROI_37_0.png,Esteatose,"(307, 161)","(238, 187)",1.3726,2.9286,16.7382,0.8301,19.6668,0.5222,0.6815,0.0936,10.6502,0.0629,11.0796,0.0477,11.3259,0.0431,11.4179
ROI_37_1.png,Esteatose,"(313, 168)","(230, 190)",1.4406,2.4018,16.6321,0.8576,19.0339,0.5237,0.6721,0.092,10.619,0.0561,11.0658,0.0458,11.2516,0.0438,11.2303
ROI_37_2.png,Esteatose,"(307, 173)","(234, 188)",1.4289,2.3189,16.4094,0.8547,18.7282,0.5385,0.6718,0.083,10.6027,0.0544,11.0116,0.0495,11.1959,0.0437,11.2842
ROI_37_3.png,Esteatose,"(312, 159)","(234, 184)",1.3218,2.1709,16.3032,0.8151,18.4741,0.4882,0.6669,0.0786,10.7545,0.0527,11.1669,0.0481,11.3609,0.0455,11.3969
ROI_37_4.png,Esteatose,"(298, 164)","(228, 184)",1.3509,2.2194,18.1183,0.8357,20.3377,0.4808,0.6599,0.0743,10.8965,0.0493,11.3511,0.0414,11.5581,0.0376,11.6557
ROI_37_5.png,Esteatose,"(296, 160)","(231, 185)",1.4713,2.4018,18.0379,0.8388,20.4397,0.5163,0.6649,0.0773,10.7633,0.0493,11.1955,0.0371,11.3822,0.0397,11.4121
ROI_37_6.png,Esteatose,"(300, 165)","(235, 183)",1.3397,2.0778,15.7945,0.8322,17.8723,0.5444,0.6692,0.0916,10.576,0.0567,10.9956,0.047,11.1816,0.0459,11.2339
ROI_37_7.png,Esteatose,"(305, 156)","(233, 188)",1.4280,2.3304,18.0224,0.8257,20.3528,0.5325,0.6636,0.0797,10.7645,0.0469,11.2057,0.0396,11.4212,0.0383,11.5313
ROI_37_8.png,Esteatose,"(303, 168)","(237, 191)",1.3831,2.3546,16.5254,0.8386,18.8799,0.5636,0.6722,0.0788,10.7169,0.0506,11.1275,0.0416,11.3064,0.0434,11.3783
ROI_37_9.png,Esteatose,"(312, 174)","(251, 201)",1.4115,2.3724,16.2518,0.8450,18.6242,0.5104,0.6728,0.0935,10.5101,0.0608,10.9323,0.0497,11.125,0.0439,11.1635
ROI_38_0.png,Esteatose,"(316, 164)","(236, 197)",1.2902,2.6135,13.7815,0.8139,16.3950,0.4763,0.6910,0.1051,10.3707,0.0691,10.78,0.0688,10.9193,0.0619,10.9647
ROI_38_1.png,Esteatose,"(318, 156)","(239, 203)",1.3476,2.6224,15.5936,0.7915,18.2161,0.4970,0.6800,0.0854,10.6512,0.0613,11.0793,0.0488,11.3056,0.0488,11.3599
ROI_38_2.png,Esteatose,"(300, 158)","(230, 195)",1.5291,2.5140,17.2064,0.8444,19.7204,0.4660,0.6699,0.0827,10.6232,0.0489,11.0505,0.0445,11.2106,0.0435,11.2789
ROI_38_3.png,Esteatose,"(304, 153)","(239, 191)",1.4240,2.2194,15.1752,0.8039,17.3946,0.4808,0.6734,0.0877,10.509,0.056,10.9007,0.052,11.0964,0.0503,11.1581
ROI_38_4.png,Esteatose,"(304, 169)","(235, 188)",1.3658,2.3151,15.9364,0.8283,18.2514,0.5178,0.6730,0.0852,10.6307,0.0581,11.0671,0.0444,11.2103,0.0463,11.2291
ROI_38_5.png,Esteatose,"(303, 157)","(230, 192)",1.4322,2.4426,16.7148,0.8120,19.1574,0.5237,0.6715,0.088,10.612,0.0587,11.0481,0.0459,11.2478,0.0468,11.3018
ROI_38_6.png,Esteatose,"(306, 159)","(223, 182)",1.3466,2.1441,14.0428,0.8232,16.1869,0.4852,0.6790,0.0854,10.5814,0.0568,10.9674,0.0474,11.1183,0.0523,11.16
ROI_38_7.png,Esteatose,"(303, 165)","(232, 193)",1.3990,2.0816,15.7390,0.8462,17.8207,0.5296,0.6696,0.0887,10.6693,0.0528,11.0561,0.0484,11.2286,0.0459,11.2706
ROI_38_8.png,Esteatose,"(303, 160)","(219, 198)",1.4016,2.2130,14.0275,0.8138,16.2406,0.5207,0.6814,0.0878,10.4173,0.066,10.8016,0.0503,10.9501,0.0519,11.0194
ROI_38_9.png,Esteatose,"(296, 156)","(225, 189)",1.4115,2.7054,14.8724,0.8226,17.5777,0.4867,0.6865,0.1042,10.4164,0.0692,10.8227,0.0605,11.041,0.0537,11.0914
ROI_39_0.png,Esteatose,"(352, 125)","(292, 179)",1.6876,2.6773,19.6246,0.7705,22.3019,0.4364,0.6604,0.0811,10.5561,0.0526,10.9647,0.0439,11.1643,0.0439,11.2313
ROI_39_1.png,Esteatose,"(344, 119)","(313, 181)",1.8521,2.5918,22.8158,0.7939,25.4076,0.4601,0.6489,0.0674,10.6884,0.0382,11.0803,0.0332,11.2865,0.0362,11.3424
ROI_39_2.png,Esteatose,"(346, 124)","(304, 181)",1.7826,2.5191,22.4522,0.8151,24.9713,0.5074,0.6501,0.0666,10.7439,0.0434,11.1268,0.0388,11.3315,0.0364,11.3852
ROI_39_3.png,Esteatose,"(349, 125)","(295, 183)",1.7089,2.4158,23.6850,0.8008,26.1008,0.4793,0.6439,0.0612,10.784,0.0454,11.2707,0.0342,11.4878,0.0361,11.5476
ROI_39_4.png,Esteatose,"(340, 133)","(317, 182)",1.8423,2.2245,24.7750,0.7945,26.9995,0.4601,0.6373,0.0524,10.8703,0.0357,11.3003,0.0329,11.4576,0.0311,11.54
ROI_39_5.png,Esteatose,"(337, 134)","(307, 172)",1.8627,2.2691,24.0574,0.7877,26.3265,0.4689,0.6399,0.0659,10.8669,0.0357,11.2551,0.0359,11.4732,0.0326,11.5638
ROI_39_6.png,Esteatose,"(337, 127)","(315, 184)",1.8935,2.1084,23.3793,0.7762,25.4877,0.4749,0.6388,0.053,10.8292,0.0388,11.2223,0.0322,11.442,0.0324,11.4932
ROI_39_7.png,Esteatose,"(333, 129)","(300, 181)",1.9502,2.0740,21.1313,0.7423,23.2052,0.5074,0.6446,0.0686,10.5229,0.0469,10.9115,0.0344,11.0773,0.0368,11.1351
ROI_39_8.png,Esteatose,"(338, 128)","(306, 177)",1.8943,2.0663,22.6809,0.7439,24.7473,0.4808,0.6394,0.0599,10.6957,0.0374,11.0701,0.037,11.2776,0.0352,11.3448
ROI_39_9.png,Esteatose,"(336, 131)","(302, 179)",1.9276,2.0128,22.3725,0.7594,24.3853,0.5089,0.6401,0.0647,10.6923,0.0385,11.0796,0.0367,11.2452,0.0365,11.2949
ROI_40_0.png,Esteatose,"(273, 174)","(188, 194)",1.3360,2.3087,15.2570,0.8715,17.5657,0.5414,0.6783,0.0929,10.6292,0.06,11.0782,0.0453,11.2394,0.0506,11.24
ROI_40_1.png,Esteatose,"(283, 177)","(196, 196)",1.2580,2.3584,14.9745,0.8781,17.3329,0.5621,0.6818,0.0929,10.7804,0.0521,11.2061,0.0471,11.3907,0.0479,11.4118
ROI_40_2.png,Esteatose,"(287, 183)","(194, 202)",1.3137,2.1237,15.0637,0.8527,17.1874,0.4882,0.6733,0.0977,10.6187,0.0626,11.028,0.0497,11.1937,0.0491,11.26
ROI_40_3.png,Esteatose,"(285, 171)","(193, 199)",1.3132,2.4974,14.2564,0.8352,16.7538,0.5104,0.6868,0.0981,10.4336,0.0691,10.8491,0.0527,11.074,0.0503,11.1755
ROI_40_4.png,Esteatose,"(300, 185)","(225, 211)",1.3571,2.2066,16.8022,0.8694,19.0088,0.5207,0.6674,0.0883,10.8136,0.0533,11.2414,0.0411,11.4312,0.0436,11.5009
ROI_40_5.png,Esteatose,"(290, 189)","(199, 198)",1.3683,2.9719,18.0647,0.8424,21.0366,0.5296,0.6762,0.093,10.7763,0.0553,11.3069,0.0444,11.6014,0.0401,11.6635
ROI_40_6.png,Esteatose,"(295, 178)","(218, 217)",1.3628,2.5268,17.4674,0.8541,19.9941,0.4867,0.6697,0.0944,10.7273,0.0548,11.2238,0.0421,11.4913,0.0428,11.5815
ROI_40_7.png,Esteatose,"(298, 182)","(210, 210)",1.3417,2.3240,16.2302,0.8564,18.5542,0.4822,0.6715,0.0932,10.7299,0.0588,11.1837,0.0433,11.412,0.0462,11.4787
ROI_40_8.png,Esteatose,"(294, 177)","(219, 212)",1.3836,2.4171,17.9909,0.8446,20.4080,0.5030,0.6652,0.0874,10.9088,0.0491,11.3754,0.0398,11.6193,0.0424,11.691
ROI_40_9.png,Esteatose,"(294, 186)","(225, 211)",1.3654,2.2730,16.3956,0.8531,18.6686,0.5577,0.6713,0.0901,10.6645,0.0543,11.1003,0.0486,11.2682,0.0463,11.2874
ROI_41_0.png,Esteatose,"(287, 196)","(217, 218)",1.1886,3.0383,15.3473,0.8454,18.3855,0.5311,0.6921,0.1035,10.7177,0.0618,11.2065,0.0506,11.4326,0.0482,11.5441
ROI_41_1.png,Esteatose,"(287, 204)","(218, 232)",1.4104,2.4885,15.1066,0.8352,17.5952,0.5503,0.6824,0.0995,10.3836,0.0568,10.7457,0.0481,10.9028,0.0499,10.9247
ROI_41_2.png,Esteatose,"(282, 200)","(219, 235)",1.4289,2.6671,16.4511,0.8386,19.1182,0.5828,0.6795,0.1015,10.4877,0.0662,10.9052,0.0487,11.1248,0.0431,11.2112
ROI_41_3.png,Esteatose,"(275, 197)","(212, 226)",1.3323,2.5064,16.1219,0.8321,18.6283,0.5710,0.6775,0.0835,10.5829,0.0629,10.9903,0.0501,11.2047,0.051,11.2558
ROI_41_4.png,Esteatose,"(287, 224)","(218, 229)",1.3096,2.5140,13.1363,0.8320,15.6503,0.4970,0.6943,0.1156,10.2457,0.0675,10.6058,0.0578,10.7895,0.0524,10.8359
ROI_41_5.png,Esteatose,"(294, 214)","(220, 231)",1.3446,2.1735,14.2024,0.8635,16.3758,0.4911,0.6799,0.0997,10.3995,0.0597,10.7524,0.0528,10.9329,0.0505,11.0107
ROI_41_6.png,Esteatose,"(283, 207)","(205, 221)",1.2528,2.4145,13.4598,0.8556,15.8744,0.5340,0.6914,0.1004,10.3998,0.0637,10.7556,0.0612,10.8882,0.0571,10.9246
ROI_41_7.png,Esteatose,"(275, 209)","(203, 217)",1.2092,2.1569,11.2697,0.8484,13.4266,0.5533,0.7027,0.1098,10.1965,0.0745,10.5125,0.0654,10.6288,0.0616,10.7046
ROI_41_8.png,Esteatose,"(290, 198)","(213, 223)",1.3045,2.8253,17.1973,0.8503,20.0226,0.5562,0.6784,0.101,10.631,0.0622,11.0862,0.0516,11.2779,0.045,11.3428
ROI_41_9.png,Esteatose,"(289, 211)","(205, 221)",1.2522,2.5918,13.6243,0.8486,16.2161,0.5503,0.6946,0.113,10.4305,0.0697,10.8222,0.0609,11.0106,0.0524,11.0952
ROI_42_0.png,Esteatose,"(299, 161)","(220, 184)",1.6316,2.0816,16.0565,0.8163,18.1381,0.4630,0.6655,0.0822,10.3398,0.0523,10.6719,0.0453,10.8288,0.0484,10.8552
ROI_42_1.png,Esteatose,"(293, 162)","(229, 184)",1.5382,1.9949,14.4406,0.8097,16.4355,0.5251,0.6737,0.0845,10.3201,0.054,10.6106,0.0534,10.7372,0.0549,10.7141
ROI_42_2.png,Esteatose,"(292, 162)","(227, 189)",1.6609,1.9770,15.4021,0.8091,17.3791,0.5237,0.6678,0.0801,10.3078,0.0507,10.6088,0.0506,10.7336,0.051,10.6969
ROI_42_3.png,Esteatose,"(295, 175)","(217, 184)",1.6033,2.4630,16.2385,0.8282,18.7015,0.5414,0.6752,0.0915,10.2871,0.0622,10.6461,0.0505,10.8141,0.0484,10.8322
ROI_42_4.png,Esteatose,"(286, 157)","(206, 181)",1.6441,2.3393,16.7911,0.7950,19.1304,0.5828,0.6700,0.081,10.3993,0.0512,10.7538,0.0461,10.8665,0.0448,10.9228
ROI_42_5.png,Esteatose,"(279, 157)","(215, 187)",1.7116,2.2781,19.2882,0.7697,21.5663,0.5385,0.6563,0.0608,10.6784,0.0429,11.0621,0.0414,11.2277,0.0405,11.3035
ROI_42_6.png,Esteatose,"(275, 147)","(205, 178)",1.6543,2.2500,21.2063,0.7803,23.4563,0.5296,0.6490,0.0568,10.909,0.0396,11.346,0.0364,11.5961,0.0336,11.7167
ROI_42_7.png,Esteatose,"(281, 153)","(206, 192)",1.7302,2.0969,21.1822,0.8123,23.2791,0.5385,0.6470,0.0719,10.7944,0.0433,11.2211,0.0357,11.4222,0.0357,11.5084
ROI_42_8.png,Esteatose,"(281, 148)","(208, 184)",1.7371,1.9656,21.5592,0.8098,23.5247,0.5251,0.6430,0.0673,10.8436,0.0431,11.2523,0.0344,11.4702,0.0325,11.5949
ROI_42_9.png,Esteatose,"(292, 159)","(205, 184)",1.6816,2.3036,18.2735,0.7813,20.5771,0.5237,0.6608,0.0742,10.6207,0.0447,11.0438,0.037,11.166,0.044,11.1763
ROI_43_0.png,Esteatose,"(327, 176)","(256, 205)",1.2263,2.6645,12.2463,0.8182,14.9108,0.5251,0.7050,0.1029,10.2779,0.0727,10.6702,0.0628,10.849,0.0605,10.8626
ROI_43_1.png,Esteatose,"(338, 173)","(260, 204)",1.1213,2.7219,11.5972,0.8033,14.3191,0.4926,0.7103,0.1187,10.316,0.0753,10.6732,0.066,10.8479,0.0632,10.8811
ROI_43_2.png,Esteatose,"(329, 167)","(250, 205)",1.3202,2.4222,14.8372,0.8373,17.2594,0.4882,0.6810,0.1094,10.4879,0.0588,10.9352,0.051,11.1382,0.0487,11.1631
ROI_43_3.png,Esteatose,"(333, 165)","(252, 212)",1.2857,2.5344,14.8053,0.8420,17.3398,0.4615,0.6831,0.1,10.4691,0.0635,10.9242,0.0502,11.1198,0.05,11.1514
ROI_43_4.png,Esteatose,"(328, 175)","(267, 212)",1.3519,2.1543,13.7096,0.8351,15.8639,0.5044,0.6822,0.0959,10.2937,0.0626,10.6515,0.053,10.7826,0.0528,10.8193
ROI_43_5.png,Esteatose,"(328, 175)","(259, 207)",1.2824,2.4668,13.8575,0.8251,16.3243,0.4867,0.6878,0.1027,10.388,0.0714,10.7581,0.0552,10.9381,0.0589,10.9982
ROI_43_6.png,Esteatose,"(319, 174)","(256, 213)",1.4422,2.1071,16.6346,0.8388,18.7418,0.5370,0.6657,0.083,10.6049,0.0523,11.0148,0.0419,11.1717,0.0449,11.2296
ROI_43_7.png,Esteatose,"(314, 178)","(264, 207)",1.3953,2.3265,16.3654,0.8241,18.6919,0.6021,0.6730,0.0881,10.6538,0.0536,11.0613,0.0431,11.263,0.0435,11.3035
ROI_43_8.png,Esteatose,"(318, 178)","(252, 208)",1.3339,2.2015,13.4413,0.8225,15.6429,0.5281,0.6855,0.0984,10.3755,0.0634,10.7288,0.0522,10.9305,0.0509,10.9761
ROI_43_9.png,Esteatose,"(320, 172)","(257, 210)",1.3166,2.2717,14.7985,0.8461,17.0702,0.5148,0.6788,0.0971,10.5396,0.0641,10.913,0.0526,11.0892,0.0511,11.1145
ROI_44_0.png,Esteatose,"(300, 181)","(236, 207)",1.3695,2.7092,15.3844,0.8372,18.0936,0.5592,0.6857,0.0975,10.5119,0.0612,10.9375,0.0487,11.1697,0.0454,11.2482
ROI_44_1.png,Esteatose,"(278, 172)","(238, 204)",1.2488,2.1480,13.6460,0.8366,15.7940,0.4970,0.6823,0.0929,10.5648,0.0614,10.9277,0.0491,11.0903,0.0496,11.1435
ROI_44_2.png,Esteatose,"(313, 185)","(242, 207)",1.2401,2.7398,13.1799,0.8142,15.9197,0.5518,0.7001,0.1121,10.3547,0.072,10.7788,0.054,11.0287,0.0504,11.0485
ROI_44_3.png,Esteatose,"(304, 176)","(247, 207)",1.3078,2.5293,14.4699,0.8573,16.9992,0.5444,0.6876,0.108,10.4587,0.0614,10.8965,0.0516,11.1252,0.0506,11.1306
ROI_44_4.png,Esteatose,"(297, 172)","(241, 207)",1.2651,2.2513,14.8733,0.8376,17.1246,0.5607,0.6789,0.0926,10.5991,0.0562,10.9937,0.049,11.1852,0.0513,11.2268
ROI_44_5.png,Esteatose,"(319, 177)","(240, 196)",1.1912,2.7538,13.6713,0.8186,16.4251,0.5118,0.6959,0.1074,10.4848,0.0688,10.9119,0.0577,11.1001,0.053,11.1217
ROI_44_6.png,Esteatose,"(309, 168)","(246, 199)",1.2195,2.5357,13.7246,0.8369,16.2603,0.5266,0.6917,0.1052,10.49,0.0647,10.8836,0.0555,11.0919,0.0532,11.2162
ROI_44_7.png,Esteatose,"(303, 164)","(241, 196)",1.2265,2.6416,15.0517,0.8204,17.6933,0.5414,0.6854,0.096,10.7166,0.0653,11.1203,0.053,11.3275,0.0476,11.3973
ROI_44_8.png,Esteatose,"(307, 170)","(239, 206)",1.1795,2.6339,13.7522,0.8304,16.3862,0.4941,0.6926,0.0962,10.6269,0.0677,11.0719,0.0532,11.3019,0.0455,11.4074
ROI_44_9.png,Esteatose,"(308, 172)","(253, 203)",1.2206,2.5944,14.1376,0.8226,16.7320,0.5030,0.6892,0.0932,10.635,0.0617,11.0577,0.0522,11.2553,0.0484,11.3212
ROI_45_0.png,Esteatose,"(318, 167)","(224, 189)",1.4403,2.4617,19.5825,0.8155,22.0443,0.4882,0.6586,0.0822,10.8499,0.0455,11.2495,0.0411,11.4946,0.0362,11.5716
ROI_45_1.png,Esteatose,"(300, 159)","(225, 186)",1.4582,2.4936,16.0514,0.7933,18.5450,0.5740,0.6768,0.078,10.6315,0.0538,10.9998,0.0476,11.1669,0.0461,11.2349
ROI_45_2.png,Esteatose,"(306, 149)","(222, 186)",1.4474,2.4554,16.1498,0.8184,18.6051,0.5030,0.6743,0.0827,10.4904,0.0579,10.8393,0.0487,11.0139,0.0472,11.0485
ROI_45_3.png,Esteatose,"(315, 145)","(224, 188)",1.5220,2.3112,18.4106,0.8316,20.7218,0.5281,0.6616,0.0673,10.7681,0.0494,11.1684,0.0403,11.3376,0.0405,11.3797
ROI_45_4.png,Esteatose,"(312, 146)","(230, 191)",1.5519,2.3610,17.4188,0.8345,19.7798,0.4882,0.6661,0.0788,10.54,0.0507,10.9163,0.0478,11.0664,0.0427,11.1151
ROI_45_5.png,Esteatose,"(308, 145)","(230, 194)",1.5173,2.7334,20.8748,0.8443,23.6082,0.5163,0.6600,0.0712,10.9513,0.0468,11.4525,0.0367,11.6329,0.0361,11.6927
ROI_45_6.png,Esteatose,"(302, 139)","(222, 186)",1.5987,2.4401,19.6196,0.8153,22.0597,0.5547,0.6595,0.066,10.7798,0.0464,11.2084,0.0371,11.4806,0.0332,11.5298
ROI_45_7.png,Esteatose,"(306, 149)","(225, 185)",1.4063,2.5906,16.5012,0.8183,19.0917,0.5207,0.6757,0.0877,10.6162,0.054,11.0275,0.0478,11.2377,0.0425,11.2974
ROI_45_8.png,Esteatose,"(307, 147)","(237, 190)",1.3556,2.1671,17.9096,0.8509,20.0767,0.5015,0.6606,0.0772,10.8665,0.0507,11.2664,0.0418,11.4869,0.0428,11.5774
ROI_45_9.png,Esteatose,"(308, 142)","(221, 193)",1.4683,2.3878,18.6125,0.7979,21.0002,0.5533,0.6621,0.068,10.8914,0.045,11.3115,0.0391,11.5445,0.0382,11.5982
ROI_46_0.png,Esteatose,"(314, 162)","(238, 205)",1.1224,2.5434,13.9446,0.7943,16.4880,0.5325,0.6894,0.0979,10.7584,0.0626,11.2383,0.0531,11.4563,0.0488,11.5576
ROI_46_1.png,Esteatose,"(313, 161)","(234, 195)",1.0402,2.3967,14.1075,0.8566,16.5042,0.4852,0.6854,0.0996,10.8727,0.059,11.3822,0.0502,11.6619,0.0483,11.7816
ROI_46_2.png,Esteatose,"(313, 169)","(229, 200)",1.0980,2.2640,13.6234,0.8471,15.8874,0.5266,0.6864,0.1013,10.7297,0.0617,11.1974,0.0489,11.4607,0.0475,11.5837
ROI_46_3.png,Esteatose,"(316, 182)","(233, 203)",1.0910,2.1824,12.4600,0.8062,14.6424,0.5044,0.6908,0.0884,10.6774,0.0621,11.0664,0.0553,11.2494,0.0542,11.3167
ROI_46_4.png,Esteatose,"(302, 170)","(230, 197)",1.1519,2.7168,14.5474,0.8095,17.2642,0.5089,0.6890,0.097,10.7069,0.0601,11.1293,0.0564,11.3484,0.0498,11.4192
ROI_46_5.png,Esteatose,"(307, 172)","(226, 199)",1.1136,2.5217,13.5863,0.8204,16.1080,0.5133,0.6915,0.0899,10.7784,0.0604,11.2312,0.0455,11.4936,0.0483,11.5888
ROI_46_6.png,Esteatose,"(296, 182)","(228, 202)",1.2131,2.2640,13.5934,0.8372,15.8574,0.5340,0.6865,0.0949,10.6317,0.0594,10.991,0.0553,11.1388,0.0533,11.1718
ROI_46_7.png,Esteatose,"(300, 190)","(227, 202)",1.2481,2.2143,13.6836,0.8718,15.8979,0.4822,0.6842,0.0937,10.5828,0.0605,10.9529,0.0536,11.1031,0.055,11.1629
ROI_46_8.png,Esteatose,"(299, 193)","(232, 210)",1.0962,2.0676,11.8865,0.8463,13.9541,0.5074,0.6937,0.1084,10.5094,0.0635,10.9025,0.0598,11.0857,0.057,11.1411
ROI_46_9.png,Esteatose,"(289, 195)","(221, 203)",1.2554,2.3240,13.8084,0.8513,16.1324,0.5237,0.6866,0.0986,10.5027,0.0575,10.9159,0.0511,11.124,0.0499,11.1865
ROI_47_0.png,Esteatose,"(250, 132)","(182, 155)",0.9524,2.3202,9.1272,0.7650,11.4474,0.4926,0.7241,0.1217,10.2442,0.0904,10.5594,0.0787,10.6792,0.0782,10.6727
ROI_47_1.png,Esteatose,"(242, 139)","(166, 182)",1.1183,2.2615,12.5874,0.8058,14.8489,0.4867,0.6913,0.096,10.6199,0.0681,10.9845,0.0618,11.1404,0.0558,11.1675
ROI_47_2.png,Esteatose,"(291, 161)","(209, 200)",1.2314,2.4452,13.7924,0.8032,16.2376,0.5592,0.6891,0.1005,10.5728,0.0662,11.0119,0.0537,11.2077,0.0551,11.2613
ROI_47_3.png,Esteatose,"(297, 177)","(213, 197)",1.2428,2.1990,13.0510,0.8475,15.2500,0.5251,0.6887,0.0952,10.5557,0.063,10.9572,0.0555,11.1226,0.0587,11.1709
ROI_47_4.png,Esteatose,"(317, 196)","(241, 226)",1.0812,2.4515,9.8076,0.8572,12.2591,0.4660,0.7220,0.1238,10.2598,0.0831,10.6275,0.069,10.787,0.0715,10.8579
ROI_47_5.png,Esteatose,"(312, 201)","(238, 226)",1.0815,2.3227,11.8772,0.8815,14.1999,0.5355,0.7021,0.1194,10.5186,0.0743,10.91,0.064,11.0795,0.0643,11.1313
ROI_47_6.png,Esteatose,"(299, 170)","(237, 209)",1.1958,2.2628,12.9680,0.8131,15.2308,0.5695,0.6912,0.1017,10.5678,0.0662,10.9822,0.0527,11.1831,0.0556,11.2271
ROI_47_7.png,Esteatose,"(297, 178)","(239, 200)",1.2208,2.2793,13.4857,0.8331,15.7651,0.5044,0.6866,0.1129,10.521,0.0658,10.9394,0.057,11.1427,0.0508,11.2588
ROI_47_8.png,Esteatose,"(308, 180)","(247, 212)",1.1330,2.5242,13.0620,0.8340,15.5862,0.5000,0.6952,0.0998,10.6797,0.0671,11.0619,0.0577,11.2593,0.0551,11.3019
ROI_47_9.png,Esteatose,"(318, 185)","(242, 198)",1.0857,2.4184,10.1684,0.8690,12.5868,0.5488,0.7205,0.131,10.274,0.088,10.6644,0.0738,10.8453,0.0703,10.9071
ROI_48_0.png,Esteatose,"(323, 185)","(280, 224)",1.1095,3.1186,13.6626,0.8334,16.7812,0.5325,0.7045,0.1085,10.6725,0.0774,11.1195,0.0593,11.4725,0.0447,11.7233
ROI_48_1.png,Esteatose,"(347, 186)","(282, 225)",1.0197,2.5255,11.7224,0.8506,14.2479,0.5133,0.7067,0.1217,10.406,0.0763,10.8815,0.0632,11.1413,0.058,11.2502
ROI_48_2.png,Esteatose,"(335, 174)","(276, 233)",1.0841,2.7194,14.0119,0.8354,16.7313,0.4852,0.6926,0.1011,10.6951,0.0699,11.1326,0.0536,11.3557,0.0535,11.4279
ROI_48_3.png,Esteatose,"(350, 185)","(275, 231)",0.9462,2.8138,9.5579,0.8565,12.3717,0.5503,0.7362,0.1295,10.0618,0.0944,10.4574,0.0809,10.6021,0.0733,10.6273
ROI_48_4.png,Esteatose,"(353, 198)","(278, 240)",0.9227,2.1977,8.7160,0.8585,10.9137,0.4704,0.7282,0.1401,9.8113,0.099,10.1447,0.0841,10.2297,0.0879,10.2154
ROI_48_5.png,Esteatose,"(346, 191)","(281, 231)",1.0260,2.6543,11.7324,0.8754,14.3867,0.4675,0.7090,0.1175,10.4603,0.082,10.8461,0.0566,11.0387,0.0585,11.0683
ROI_48_6.png,Esteatose,"(333, 193)","(276, 237)",1.0337,3.3827,12.2065,0.8449,15.5891,0.5296,0.7212,0.1164,10.5334,0.0784,11.0218,0.0602,11.2976,0.0626,11.3753
ROI_48_7.png,Esteatose,"(327, 183)","(288, 235)",1.1129,3.2513,13.6891,0.8249,16.9404,0.5577,0.7073,0.1032,10.6808,0.0628,11.1348,0.055,11.3981,0.0513,11.5777
ROI_48_8.png,Esteatose,"(336, 182)","(274, 225)",0.9468,3.0153,12.5646,0.8820,15.5799,0.4867,0.7107,0.1132,10.6472,0.0747,11.0846,0.0622,11.3722,0.0558,11.4824
ROI_48_9.png,Esteatose,"(356, 180)","(281, 230)",0.9701,2.8916,11.7424,0.8731,14.6340,0.5251,0.7158,0.1206,10.4619,0.0766,10.9428,0.0628,11.1617,0.0553,11.2384
ROI_49_0.png,Esteatose,"(349, 147)","(330, 210)",1.5307,2.0268,15.5905,0.8125,17.6173,0.4896,0.6672,0.0728,10.4064,0.0562,10.7514,0.0487,10.9101,0.0469,10.9733
ROI_49_1.png,Esteatose,"(352, 153)","(336, 213)",1.5468,2.4579,15.3636,0.7999,17.8215,0.5296,0.6788,0.0864,10.2897,0.0605,10.6776,0.0509,10.8159,0.0503,10.8711
ROI_49_2.png,Esteatose,"(342, 150)","(335, 207)",1.4979,2.2730,16.6377,0.8083,18.9107,0.4911,0.6674,0.0813,10.4935,0.0565,10.8914,0.0497,11.0751,0.0441,11.136
ROI_49_3.png,Esteatose,"(345, 141)","(331, 210)",1.5632,2.1633,16.4010,0.8032,18.5642,0.5148,0.6666,0.076,10.4179,0.0526,10.8131,0.0479,10.9937,0.0468,11.0402
ROI_49_4.png,Esteatose,"(337, 157)","(311, 201)",1.6543,2.5982,21.3604,0.8781,23.9586,0.5222,0.6566,0.0887,10.6099,0.0491,11.0709,0.0445,11.3157,0.0412,11.3605
ROI_49_5.png,Esteatose,"(322, 148)","(297, 205)",1.5790,2.3087,17.9218,0.8115,20.2305,0.4586,0.6615,0.0772,10.5,0.0483,10.8965,0.0444,11.0313,0.0446,11.0575
ROI_49_6.png,Esteatose,"(331, 159)","(311, 202)",1.7333,2.8189,26.7824,0.8405,29.6013,0.4808,0.6431,0.0793,10.7784,0.0447,11.2519,0.0386,11.6183,0.0314,11.7542
ROI_49_7.png,Esteatose,"(336, 142)","(302, 197)",1.4289,2.2143,14.5073,0.7914,16.7215,0.5074,0.6775,0.0829,10.3926,0.0623,10.7539,0.0542,10.8882,0.0536,10.8899
ROI_49_8.png,Esteatose,"(336, 142)","(294, 201)",1.5601,2.3444,17.3729,0.8256,19.7173,0.5444,0.6671,0.0715,10.5708,0.048,10.9371,0.0458,11.0809,0.0465,11.1136
ROI_49_9.png,Esteatose,"(326, 140)","(309, 204)",1.7159,2.1110,19.8999,0.8169,22.0109,0.5518,0.6520,0.0691,10.593,0.044,10.9999,0.0395,11.1691,0.0412,11.2415
ROI_50_0.png,Esteatose,"(320, 166)","(271, 201)",1.4199,2.0574,15.7668,0.8211,17.8242,0.5533,0.6689,0.086,10.5294,0.0575,10.8869,0.0477,11.0248,0.0512,11.0784
ROI_50_1.png,Esteatose,"(323, 162)","(275, 197)",1.4699,2.1875,14.6718,0.8153,16.8593,0.4941,0.6762,0.0843,10.4239,0.0536,10.7478,0.0477,10.9015,0.0509,10.9194
ROI_50_2.png,Esteatose,"(316, 157)","(273, 196)",1.4063,2.1939,16.7120,0.8119,18.9059,0.5192,0.6661,0.0855,10.6109,0.0561,11.0017,0.0483,11.1888,0.0439,11.2688
ROI_50_3.png,Esteatose,"(320, 161)","(266, 206)",1.3750,2.2526,17.3234,0.8134,19.5760,0.5444,0.6651,0.0733,10.788,0.0502,11.2369,0.044,11.4535,0.0438,11.5145
ROI_50_4.png,Esteatose,"(312, 150)","(277, 208)",1.5625,2.4286,18.5364,0.7978,20.9650,0.5444,0.6630,0.0684,10.6697,0.0424,11.0976,0.0413,11.3002,0.0419,11.3558
ROI_50_5.png,Esteatose,"(319, 154)","(276, 202)",1.4565,2.3074,17.5801,0.8084,19.8875,0.5148,0.6643,0.0781,10.7353,0.0509,11.1384,0.0433,11.3056,0.039,11.3873
ROI_50_6.png,Esteatose,"(317, 151)","(276, 204)",1.4296,2.1633,17.4953,0.8052,19.6586,0.5444,0.6623,0.0813,10.7216,0.048,11.1275,0.0433,11.3175,0.0425,11.3934
ROI_50_7.png,Esteatose,"(325, 161)","(276, 206)",1.3311,2.1773,15.2176,0.8444,17.3949,0.5325,0.6746,0.0832,10.6282,0.0533,11.053,0.0474,11.259,0.0432,11.3329
ROI_50_8.png,Esteatose,"(337, 162)","(278, 199)",1.4223,2.4885,16.6949,0.8170,19.1834,0.5459,0.6732,0.0847,10.6299,0.0583,11.0532,0.0466,11.2884,0.042,11.428
ROI_50_9.png,Esteatose,"(325, 159)","(286, 198)",1.4035,2.1760,15.6853,0.8050,17.8614,0.5192,0.6707,0.0771,10.5947,0.0515,10.9569,0.0477,11.147,0.0456,11.2042
ROI_51_0.png,Esteatose,"(322, 198)","(263, 237)",1.5937,2.4949,18.0073,0.8528,20.5022,0.5399,0.6678,0.0865,10.4849,0.0548,10.9339,0.0457,11.108,0.0478,11.1869
ROI_51_1.png,Esteatose,"(301, 194)","(258, 235)",1.5338,2.3635,19.2587,0.8644,21.6222,0.5740,0.6609,0.0925,10.7675,0.0512,11.2205,0.0425,11.4148,0.042,11.5016
ROI_51_2.png,Esteatose,"(311, 196)","(257, 240)",1.6136,2.5753,19.5193,0.8810,22.0945,0.5399,0.6635,0.0885,10.6985,0.0515,11.1346,0.0418,11.3522,0.0422,11.3781
ROI_51_3.png,Esteatose,"(299, 198)","(269, 239)",1.5508,2.6046,17.9624,0.8467,20.5670,0.5370,0.6699,0.0941,10.5371,0.0617,11.0162,0.0441,11.2677,0.0424,11.329
ROI_51_4.png,Esteatose,"(308, 190)","(250, 239)",1.7185,2.7079,22.0143,0.8409,24.7223,0.5754,0.6566,0.0806,10.7291,0.0484,11.1969,0.0372,11.4145,0.0354,11.5112
ROI_51_5.png,Esteatose,"(312, 202)","(260, 240)",1.5428,2.8329,17.2377,0.8395,20.0706,0.5843,0.6788,0.0909,10.5015,0.0574,10.9503,0.0443,11.1455,0.0502,11.1451
ROI_51_6.png,Esteatose,"(293, 191)","(255, 239)",1.6058,2.4974,20.6117,0.8600,23.1092,0.5607,0.6579,0.0769,10.743,0.0517,11.192,0.044,11.4466,0.0376,11.5057
ROI_51_7.png,Esteatose,"(304, 201)","(257, 239)",1.5069,2.6709,18.4290,0.8552,21.1000,0.5399,0.6694,0.0869,10.6712,0.0495,11.1208,0.0417,11.3582,0.0411,11.4155
ROI_51_8.png,Esteatose,"(295, 187)","(248, 244)",1.7005,3.1161,19.3864,0.8356,22.5024,0.5399,0.6729,0.0823,10.5288,0.055,10.9643,0.0479,11.1438,0.0409,11.2266
ROI_51_9.png,Esteatose,"(297, 204)","(248, 240)",1.5216,3.2258,17.2284,0.8351,20.4542,0.5976,0.6863,0.1013,10.4535,0.0633,10.9267,0.0482,11.1405,0.0432,11.2387
ROI_52_0.png,Esteatose,"(311, 119)","(264, 143)",1.3025,2.0918,15.8116,0.7972,17.9034,0.4896,0.6672,0.0821,10.7532,0.056,11.123,0.0503,11.3006,0.0493,11.3404
ROI_52_1.png,Esteatose,"(285, 117)","(255, 135)",1.2450,2.1798,13.9017,0.7787,16.0816,0.4393,0.6782,0.0867,10.6248,0.0552,11.0057,0.0541,11.1614,0.0507,11.1984
ROI_52_2.png,Esteatose,"(291, 112)","(253, 148)",1.4712,2.3610,16.5316,0.7400,18.8926,0.4911,0.6681,0.0686,10.6014,0.0568,10.9777,0.0475,11.1264,0.0456,11.1858
ROI_52_3.png,Esteatose,"(294, 105)","(247, 146)",1.4718,2.2219,17.5859,0.7481,19.8078,0.5518,0.6619,0.0733,10.702,0.0508,11.0983,0.0407,11.2764,0.0417,11.3041
ROI_52_4.png,Esteatose,"(293, 115)","(255, 159)",1.5068,2.3788,16.3588,0.7606,18.7377,0.5118,0.6704,0.0704,10.5757,0.0518,10.9563,0.0435,11.1137,0.0444,11.1427
ROI_52_5.png,Esteatose,"(287, 114)","(253, 160)",1.4982,2.1837,17.0225,0.7780,19.2062,0.5725,0.6649,0.067,10.6662,0.0509,11.0471,0.0434,11.2283,0.0441,11.2837
ROI_52_6.png,Esteatose,"(289, 116)","(247, 147)",1.4275,2.2577,15.6288,0.7940,17.8864,0.5355,0.6730,0.0714,10.6592,0.0501,11.0313,0.0468,11.2151,0.0486,11.2202
ROI_52_7.png,Esteatose,"(291, 113)","(256, 149)",1.4329,2.2577,16.6580,0.7781,18.9157,0.5414,0.6675,0.0823,10.706,0.0519,11.0973,0.0476,11.2555,0.0473,11.2736
ROI_52_8.png,Esteatose,"(306, 108)","(254, 153)",1.5223,2.3048,17.0976,0.7574,19.4024,0.5207,0.6654,0.072,10.619,0.0513,11.0176,0.0441,11.1862,0.045,11.2632
ROI_52_9.png,Esteatose,"(306, 107)","(256, 156)",1.4931,2.2691,16.4830,0.7478,18.7522,0.4837,0.6664,0.0748,10.6123,0.055,11.0035,0.0439,11.1802,0.0457,11.2545
ROI_53_0.png,Esteatose,"(288, 167)","(233, 201)",1.0132,2.4439,10.6213,0.8168,13.0652,0.4749,0.7125,0.1187,10.3762,0.0837,10.7415,0.0691,10.8866,0.0639,10.951
ROI_53_1.png,Esteatose,"(287, 171)","(237, 211)",1.0651,2.2870,10.6550,0.8121,12.9420,0.5104,0.7092,0.1132,10.3229,0.0755,10.6746,0.0725,10.8505,0.0674,10.8841
ROI_53_2.png,Esteatose,"(296, 184)","(229, 212)",1.0599,2.2028,10.6204,0.8276,12.8232,0.4793,0.7068,0.1119,10.4258,0.0693,10.7519,0.0658,10.9047,0.0613,10.9569
ROI_53_3.png,Esteatose,"(298, 172)","(234, 210)",1.0971,2.4452,10.9927,0.7822,13.4379,0.5414,0.7101,0.1173,10.2137,0.0765,10.5705,0.0683,10.7167,0.0642,10.7558
ROI_53_4.png,Esteatose,"(293, 180)","(224, 203)",1.0367,2.3202,11.2969,0.8252,13.6170,0.5355,0.7054,0.1201,10.4486,0.0774,10.8237,0.0704,10.9743,0.0652,11.0043
ROI_53_5.png,Esteatose,"(306, 178)","(231, 207)",1.0010,2.2105,11.5901,0.8278,13.8006,0.4852,0.6985,0.1129,10.5486,0.0741,10.9757,0.0549,11.1557,0.058,11.2333
ROI_53_6.png,Esteatose,"(300, 185)","(236, 214)",1.0947,2.3533,10.6750,0.8371,13.0283,0.4896,0.7108,0.1199,10.279,0.0822,10.6416,0.0667,10.7916,0.07,10.7832
ROI_53_7.png,Esteatose,"(296, 175)","(224, 210)",1.0382,2.6505,10.4867,0.8311,13.1372,0.4867,0.7197,0.1152,10.3321,0.083,10.6885,0.0674,10.8013,0.0666,10.8502
ROI_53_8.png,Esteatose,"(299, 184)","(228, 214)",1.0951,2.1926,9.9998,0.8547,12.1924,0.4749,0.7135,0.1201,10.1763,0.0817,10.5078,0.0726,10.6626,0.0677,10.768
ROI_53_9.png,Esteatose,"(301, 185)","(234, 211)",1.1271,2.4847,12.1124,0.8594,14.5971,0.5148,0.7028,0.1043,10.4179,0.0715,10.8158,0.0624,11.0184,0.058,11.1084
ROI_54_0.png,Esteatose,"(329, 146)","(269, 170)",1.3528,2.2946,16.1242,0.8538,18.4188,0.5089,0.6720,0.0802,10.7722,0.0486,11.1982,0.0415,11.384,0.0462,11.4454
ROI_54_1.png,Esteatose,"(327, 142)","(273, 179)",1.3315,2.2921,14.2711,0.8258,16.5632,0.4852,0.6811,0.0934,10.5487,0.0572,10.9011,0.0519,11.0602,0.0526,11.1249
ROI_54_2.png,Esteatose,"(324, 132)","(276, 177)",1.3152,2.4388,13.9422,0.7789,16.3809,0.4660,0.6848,0.0868,10.5406,0.0603,10.8737,0.051,11.0291,0.0496,11.0863
ROI_54_3.png,Esteatose,"(332, 145)","(276, 175)",1.2217,1.9923,13.3604,0.8356,15.3527,0.4290,0.6783,0.1001,10.4732,0.0651,10.8325,0.0571,10.9639,0.0581,10.9983
ROI_54_4.png,Esteatose,"(336, 144)","(283, 177)",1.1688,2.7500,13.5543,0.7905,16.3043,0.4941,0.6954,0.0908,10.4628,0.0702,10.8301,0.0632,10.9884,0.0581,11.0265
ROI_54_5.png,Esteatose,"(345, 140)","(279, 179)",1.0645,2.8240,12.4011,0.7983,15.2251,0.4911,0.7057,0.1126,10.4773,0.0717,10.9178,0.0614,11.0981,0.0599,11.1498
ROI_54_6.png,Esteatose,"(347, 149)","(283, 175)",1.0996,2.2959,12.4883,0.8353,14.7843,0.5044,0.6943,0.1101,10.4706,0.067,10.8653,0.0609,11.0512,0.0595,11.1032
ROI_54_7.png,Esteatose,"(338, 136)","(287, 184)",1.1847,2.2462,14.5114,0.7971,16.7576,0.5089,0.6785,0.0945,10.6026,0.0676,11.0051,0.0557,11.1903,0.0511,11.2348
ROI_54_8.png,Esteatose,"(331, 140)","(291, 176)",1.2253,2.2768,14.9445,0.8083,17.2213,0.5148,0.6771,0.0879,10.6777,0.0603,11.0832,0.0509,11.2886,0.05,11.3359
ROI_54_9.png,Esteatose,"(370, 142)","(292, 175)",0.7790,2.4821,7.1953,0.7580,9.6774,0.4911,0.7540,0.1661,9.3083,0.1262,9.5993,0.1153,9.647,0.1091,9.6514
